,repo_id,repo_name,data_collection_date,event_type,event_datetime,contributor_name
999,25859,llvm-project,2023-02-28 16:46:00,commit,2016-03-25 09:19:34-05:00,tobiasgrosser
1106,25918,sage,2023-02-28 16:46:00,commit,2011-06-08 07:01:46-05:00,jdemeyer
4094,25939,ompi,2023-02-28 16:46:00,commit,2012-07-23 08:21:19-05:00,jurenz
13338,26105,bbp,2023-02-28 16:46:00,commit,2019-04-02 15:08:25-05:00,fabiolsilva
20244,25939,ompi,2023-02-28 16:46:00,commit,2014-02-23 14:10:54-06:00,osvegis
22742,25991,hydroshare,2023-02-28 16:46:00,commit,2016-08-25 17:46:10-05:00,zhiyuli
23721,26069,Trilinos,2023-02-28 16:46:00,commit,2006-01-13 15:39:57-06:00,bartlettroscoe
26560,25918,sage,2023-02-28 16:46:00,commit,2020-04-24 03:44:32-05:00,videlec
27174,25964,GraviT,2023-02-28 16:46:00,commit,2015-11-08 19:08:30-06:00,jgbarbosa
29347,25964,GraviT,2023-02-28 16:46:00,commit,2015-01-26 07:38:24-06:00,jgbarbosa
29387,26069,Trilinos,2023-02-28 16:46:00,commit,2019-03-04 16:25:59-06:00,kyungjoo-kim
30910,25991,hydroshare,2023-02-28 16:46:00,commit,2016-01-22 16:25:54-06:00,hyi
35217,25939,ompi,2023-02-28 16:46:00,commit,2014-08-08 11:13:43-05:00,rhc54
36175,25939,ompi,2023-02-28 16:46:00,commit,2016-12-29 09:31:35-06:00,rhc54
37580,25918,sage,2023-02-28 16:46:00,commit,2014-08-27 03:10:22-05:00,jpflori
39669,25939,ompi,2023-02-28 16:46:00,commit,2014-03-17 16:27:58-05:00,rhc54
45582,25991,hydroshare,2023-02-28 16:46:00,commit,2020-12-03 17:24:44-06:00,mark-obrien
45950,25991,hydroshare,2023-02-28 16:46:00,commit,2015-02-03 19:11:42-06:00,gantian127
50156,25991,hydroshare,2023-02-28 16:46:00,commit,2019-03-17 11:03:03-05:00,keatingr
56850,25859,llvm-project,2023-02-28 16:46:00,commit,2019-03-30 12:12:29-05:00,RKSimon
62127,26025,timeR,2023-02-28 16:46:00,commit,2015-04-24 04:10:48-05:00,ikorb
64983,25859,llvm-project,2023-02-28 16:46:00,commit,2017-07-28 08:47:02-05:00,RKSimon
72688,25998,oauthenticator,2023-02-28 16:46:00,commit,2017-09-28 17:56:30-05:00,NickolausDS
78715,25918,sage,2023-02-28 16:46:00,commit,2022-10-18 09:34:10-05:00,MatteoCati
86030,25859,llvm-project,2023-02-28 16:46:00,commit,2013-04-19 18:26:18-05:00,eliben
90627,25939,ompi,2023-02-28 16:46:00,commit,2015-12-01 08:02:29-06:00,rhc54
91783,25939,ompi,2023-02-28 16:46:00,commit,2011-08-07 23:21:02-05:00,rhc54
94465,25859,llvm-project,2023-02-28 16:46:00,commit,2012-12-21 19:34:09-06:00,tkremenek
96994,25939,ompi,2023-02-28 16:46:00,commit,2015-08-01 12:01:02-05:00,rhc54
100830,26098,tracer,2023-02-28 16:46:00,commit,2014-02-17 08:06:01-06:00,ikorb
101692,25918,sage,2023-02-28 16:46:00,commit,2020-08-12 17:55:25-05:00,mkoeppe
105204,25918,sage,2023-02-28 16:46:00,commit,2014-09-19 03:53:04-05:00,mmasdeu
105677,25918,sage,2023-02-28 16:46:00,commit,2020-07-08 01:50:34-05:00,vipul79321
106163,25918,sage,2023-02-28 16:46:00,commit,2007-09-02 14:33:53-05:00,williamstein
107041,25939,ompi,2023-02-28 16:46:00,commit,2013-11-03 13:42:16-06:00,rhc54
107762,25991,hydroshare,2023-02-28 16:46:00,commit,2016-09-29 17:00:34-05:00,zhiyuli
112689,25918,sage,2023-02-28 16:46:00,commit,2017-09-05 09:44:24-05:00,jdemeyer
117103,25859,llvm-project,2023-02-28 16:46:00,commit,2016-08-10 06:22:57-05:00,martinboehme
120560,25918,sage,2023-02-28 16:46:00,commit,2012-05-26 21:57:57-05:00,novoselt
122378,25918,sage,2023-02-28 16:46:00,commit,2018-02-09 02:25:51-06:00,xamarin-release-manager
122385,25918,sage,2023-02-28 16:46:00,commit,2019-12-09 23:36:36-06:00,BrentBaccala
124648,25918,sage,2023-02-28 16:46:00,commit,2022-05-06 16:10:35-05:00,tobiasdiez
126131,25918,sage,2023-02-28 16:46:00,commit,2008-04-29 23:18:40-05:00,williamstein
131193,25994,BiG-CZ-Toolbox,2023-02-28 16:46:00,commit,2017-11-10 11:47:04-06:00,aufdenkampe
132591,25939,ompi,2023-02-28 16:46:00,commit,2014-04-28 12:12:15-05:00,rhc54
146394,25859,llvm-project,2023-02-28 16:46:00,commit,2004-06-03 00:03:01-05:00,brgaeke
152350,25939,ompi,2023-02-28 16:46:00,commit,2014-07-26 00:00:28-05:00,ompiteam
162601,25867,rphash-java,2023-02-28 16:46:00,commit,2015-05-28 01:16:56-05:00,Anindya-Moitra
166167,26069,Trilinos,2023-02-28 16:46:00,commit,2005-02-02 17:07:03-06:00,jwillenbring
166377,25859,llvm-project,2023-02-28 16:46:00,commit,2013-07-23 07:50:03-05:00,revane
168574,25863,sampledata,2023-02-28 16:46:00,commit,2015-08-31 08:19:15-05:00,selimnairb
169616,25991,hydroshare,2023-02-28 16:46:00,commit,2015-09-21 14:12:50-05:00,selimnairb
170051,26003,SCI-Solver_FEM,2023-02-28 16:46:00,commit,2015-09-18 18:12:45-05:00,GPayne
170743,25939,ompi,2023-02-28 16:46:00,commit,2018-09-25 08:33:56-05:00,jsquyres
183899,25991,hydroshare,2023-02-28 16:46:00,commit,2017-07-11 13:07:18-05:00,pkdash
186205,25991,hydroshare,2023-02-28 16:46:00,commit,2018-11-25 15:39:11-06:00,pkdash
186267,25991,hydroshare,2023-02-28 16:46:00,commit,2018-06-23 18:59:25-05:00,pkdash
186818,25991,hydroshare,2023-02-28 16:46:00,commit,2022-01-20 11:22:12-06:00,pkdash
187179,25991,hydroshare,2023-02-28 16:46:00,commit,2019-10-27 21:38:26-05:00,pkdash
187255,25991,hydroshare,2023-02-28 16:46:00,commit,2020-01-09 12:36:48-06:00,pkdash
187387,25841,aspect,2023-02-28 16:46:00,commit,2018-06-25 11:31:00-05:00,gassmoeller
191716,25991,hydroshare,2023-02-28 16:46:00,commit,2017-07-13 18:50:45-05:00,pkdash
193708,25991,hydroshare,2023-02-28 16:46:00,commit,2017-06-16 22:42:39-05:00,pkdash
197262,25859,llvm-project,2023-02-28 16:46:00,commit,2010-03-31 10:31:50-05:00,DougGregor
202969,25859,llvm-project,2023-02-28 16:46:00,commit,2010-02-06 14:00:21-06:00,masteranca
207454,25859,llvm-project,2023-02-28 16:46:00,commit,2016-08-01 15:19:49-05:00,epilk
210244,25952,yt,2023-02-28 16:46:00,commit,2014-08-15 16:06:01-05:00,ngoldbaum
218259,25838,FLiT,2023-02-28 16:46:00,commit,2018-07-09 10:02:13-05:00,mikebentley15
221099,25939,ompi,2023-02-28 16:46:00,commit,2004-09-09 09:42:55-05:00,timwoodall
228701,25859,llvm-project,2023-02-28 16:46:00,commit,2015-08-20 07:22:37-05:00,tobiasgrosser
230489,25939,ompi,2023-02-28 16:46:00,commit,2016-04-28 10:00:01-05:00,jsquyres
230535,25939,ompi,2023-02-28 16:46:00,commit,2016-02-09 15:16:17-06:00,jsquyres
233257,25939,ompi,2023-02-28 16:46:00,commit,2005-05-19 18:56:02-05:00,jsquyres
233425,25939,ompi,2023-02-28 16:46:00,commit,2005-12-03 09:38:42-06:00,jsquyres
234049,25939,ompi,2023-02-28 16:46:00,commit,2014-04-09 09:25:33-05:00,jsquyres
238561,26061,ADIOS,2023-02-28 16:46:00,commit,2008-08-06 14:59:05-05:00,luca020400
241843,25859,llvm-project,2023-02-28 16:46:00,commit,2018-11-09 09:35:00-06:00,sam-mccall
242528,25939,ompi,2023-02-28 16:46:00,commit,2021-03-25 10:14:10-05:00,jsquyres
242560,25939,ompi,2023-02-28 16:46:00,commit,2005-12-23 10:49:09-06:00,jsquyres
243785,25870,silver,2023-02-28 16:46:00,commit,2010-11-25 10:50:09-06:00,ericvanwyk
244728,26063,scikit-hep-testdata,2023-02-28 16:46:00,commit,2018-10-16 12:26:06-05:00,benkrikler
245581,25939,ompi,2023-02-28 16:46:00,commit,2012-01-19 17:53:05-06:00,jsquyres
253092,25918,sage,2023-02-28 16:46:00,commit,2014-04-10 01:07:34-05:00,tscrim
254690,25870,silver,2023-02-28 16:46:00,commit,2020-01-09 11:11:09-06:00,ericvanwyk
274223,25870,silver,2023-02-28 16:46:00,commit,2021-01-01 21:01:29-06:00,602p
274610,25870,silver,2023-02-28 16:46:00,commit,2020-12-09 14:14:12-06:00,602p
277965,25861,iminuit,2023-02-28 16:46:00,commit,2020-11-08 04:28:53-06:00,HDembinski
286209,25681,mbuild,2023-02-28 16:46:00,commit,2019-06-26 15:36:51-05:00,ahy3nz
286291,25859,llvm-project,2023-02-28 16:46:00,commit,2014-01-24 09:15:27-06:00,aemerson
287411,25939,ompi,2023-02-28 16:46:00,commit,2015-02-12 11:34:26-06:00,jsquyres
288694,25681,mbuild,2023-02-28 16:46:00,commit,2019-04-14 21:29:00-05:00,mattwthompson
289341,25850,foyer,2023-02-28 16:46:00,commit,2020-02-11 11:11:17-06:00,mattwthompson
299416,25850,foyer,2023-02-28 16:46:00,commit,2017-02-09 11:06:02-06:00,ctk3b
309916,25869,SimVascular,2023-02-28 16:46:00,commit,2019-07-30 16:38:01-05:00,fkong7
311478,25918,sage,2023-02-28 16:46:00,commit,2015-08-12 10:06:38-05:00,behackl
313623,25869,SimVascular,2023-02-28 16:46:00,commit,2017-09-08 13:24:36-05:00,updega2
320249,25869,SimVascular,2023-02-28 16:46:00,commit,2018-09-30 15:59:36-05:00,osmsc
320851,25918,sage,2023-02-28 16:46:00,commit,2022-08-05 17:24:29-05:00,trevorkarn
322679,25869,SimVascular,2023-02-28 16:46:00,commit,2016-06-25 14:13:39-05:00,osmsc
329555,25869,SimVascular,2023-02-28 16:46:00,commit,2016-10-24 19:38:40-05:00,lanhzwind
331877,25869,SimVascular,2023-02-28 16:46:00,commit,2017-02-14 20:46:59-06:00,lanhzwind
332182,26000,vocabulary-pages,2023-02-28 16:46:00,commit,2015-12-05 11:38:46-06:00,nancyide
345324,25973,cctools,2023-02-28 16:46:00,commit,2016-03-16 13:01:59-05:00,tshaffe1
347067,25918,sage,2023-02-28 16:46:00,commit,2021-08-18 03:54:44-05:00,mjungmath
347931,25918,sage,2023-02-28 16:46:00,commit,2017-09-16 10:32:40-05:00,rwst
350720,26062,caffe,2023-02-28 16:46:00,commit,2014-08-03 10:53:31-05:00,Yangqing
351241,26062,caffe,2023-02-28 16:46:00,commit,2014-09-05 15:47:11-05:00,Yangqing
359232,25973,cctools,2023-02-28 16:46:00,commit,2016-04-27 11:51:50-05:00,btovar
359580,25918,sage,2023-02-28 16:46:00,commit,2018-08-27 08:04:21-05:00,dkrenn
359619,25973,cctools,2023-02-28 16:46:00,commit,2015-07-28 08:24:22-05:00,btovar
360172,25973,cctools,2023-02-28 16:46:00,commit,2016-02-25 12:48:14-06:00,btovar
361336,25973,cctools,2023-02-28 16:46:00,commit,2020-09-30 13:11:33-05:00,btovar
362300,25866,hist,2023-02-28 16:46:00,commit,2022-01-17 13:19:28-06:00,pre-commit-ci[bot]
363801,25973,cctools,2023-02-28 16:46:00,commit,2013-10-07 09:20:10-05:00,rampantmonkey
363853,25973,cctools,2023-02-28 16:46:00,commit,2013-09-26 08:27:56-05:00,rampantmonkey
365503,25973,cctools,2023-02-28 16:46:00,commit,2013-10-14 08:08:44-05:00,rampantmonkey
366364,25823,Tincan,2023-02-28 16:46:00,commit,2017-03-30 18:48:55-05:00,kcratie
373872,25859,llvm-project,2023-02-28 16:46:00,commit,2014-01-20 14:26:09-06:00,atoker
377559,26045,dealii,2023-02-28 16:46:00,commit,2005-11-25 02:58:37-06:00,guidokanschat
378213,25844,openmp,2023-02-28 16:46:00,commit,2014-06-01 13:28:36-05:00,atoker
379333,26039,TAQ,2023-02-28 16:46:00,commit,2015-11-16 18:01:02-06:00,ksens
380000,26101,cluster_tools,2023-02-28 16:46:00,commit,2016-05-26 16:05:01-05:00,ksens
386033,25939,ompi,2023-02-28 16:46:00,commit,2018-07-15 02:51:29-05:00,yosefe
392002,25973,cctools,2023-02-28 16:46:00,commit,2011-08-15 11:42:05-05:00,dthain
395092,25939,ompi,2023-02-28 16:46:00,commit,2014-03-20 09:51:56-05:00,jsquyres
412788,25973,cctools,2023-02-28 16:46:00,commit,2010-06-16 15:22:30-05:00,batrick
415440,25957,FingerPrint,2023-02-28 16:46:00,commit,2012-08-21 16:25:58-05:00,lclementi
424508,25918,sage,2023-02-28 16:46:00,commit,2018-08-21 00:31:51-05:00,xcaruso
428054,25918,sage,2023-02-28 16:46:00,commit,2019-02-01 17:24:17-06:00,dwbump
429193,25918,sage,2023-02-28 16:46:00,commit,2018-04-13 14:14:45-05:00,saraedum
430283,25991,hydroshare,2023-02-28 16:46:00,commit,2017-04-06 10:21:35-05:00,pkdash
433418,25918,sage,2023-02-28 16:46:00,commit,2021-04-12 18:31:25-05:00,mjungmath
442078,25973,cctools,2023-02-28 16:46:00,commit,2014-02-01 17:44:46-06:00,dpandiar
443002,25973,cctools,2023-02-28 16:46:00,commit,2010-06-11 10:27:47-05:00,pbui
453776,25918,sage,2023-02-28 16:46:00,commit,2021-05-06 12:46:04-05:00,dkrenn
454982,25918,sage,2023-02-28 16:46:00,commit,2022-02-28 15:07:33-06:00,tobiasdiez
455486,25991,hydroshare,2023-02-28 16:46:00,commit,2016-05-02 11:21:20-05:00,xuezhaokun
456269,25918,sage,2023-02-28 16:46:00,commit,2014-03-24 11:06:48-05:00,nathanncohen
465160,25998,oauthenticator,2023-02-28 16:46:00,commit,2018-01-29 15:35:48-06:00,Castronova
466065,25939,ompi,2023-02-28 16:46:00,commit,2020-02-29 17:15:04-06:00,rhc54
467206,25992,landlab,2023-02-28 16:46:00,commit,2017-10-30 14:14:29-05:00,kbarnhart
467266,25918,sage,2023-02-28 16:46:00,commit,2023-01-24 17:11:12-06:00,jhpalmieri
468783,25992,landlab,2023-02-28 16:46:00,commit,2018-04-30 21:37:14-05:00,kbarnhart
472774,25992,landlab,2023-02-28 16:46:00,commit,2017-12-30 13:31:22-06:00,mcflugen
473128,25992,landlab,2023-02-28 16:46:00,commit,2015-09-29 23:39:46-05:00,mcflugen
475270,25918,sage,2023-02-28 16:46:00,commit,2021-03-24 01:03:33-05:00,guenterrote
476643,25918,sage,2023-02-28 16:46:00,commit,2014-09-14 00:36:14-05:00,tscrim
477502,25918,sage,2023-02-28 16:46:00,commit,2007-02-09 14:35:26-06:00,yqiang
477996,25992,landlab,2023-02-28 16:46:00,commit,2019-04-21 20:45:01-05:00,mcflugen
482150,25918,sage,2023-02-28 16:46:00,commit,2012-12-21 04:32:55-06:00,jdemeyer
482759,25918,sage,2023-02-28 16:46:00,commit,2018-06-13 06:47:59-05:00,jdemeyer
485251,25992,landlab,2023-02-28 16:46:00,commit,2014-10-28 19:01:02-05:00,SiccarPoint
488259,25992,landlab,2023-02-28 16:46:00,commit,2022-11-18 16:16:51-06:00,mcflugen
490411,25992,landlab,2023-02-28 16:46:00,commit,2015-03-08 22:35:21-05:00,mcflugen
492113,25992,landlab,2023-02-28 16:46:00,commit,2014-09-25 16:23:45-05:00,saisiddu
496286,26027,docker-nginx-with-upload-reporting,2023-02-28 16:46:00,commit,2021-03-12 09:32:43-06:00,thresheek
498260,25918,sage,2023-02-28 16:46:00,commit,2016-09-20 13:01:36-05:00,jhonrubiagonzalez
498302,25911,lapack,2023-02-28 16:46:00,commit,2022-11-08 07:33:37-06:00,martin-frbg
505531,25859,llvm-project,2023-02-28 16:46:00,commit,2014-07-20 18:43:15-05:00,uweigand
506889,25918,sage,2023-02-28 16:46:00,commit,2008-08-31 04:03:05-05:00,robertwb
506892,25918,sage,2023-02-28 16:46:00,commit,2018-03-17 04:54:53-05:00,dcoudert
510483,25918,sage,2023-02-28 16:46:00,commit,2020-05-24 17:45:56-05:00,dimpase
516077,25918,sage,2023-02-28 16:46:00,commit,2015-10-14 07:55:27-05:00,rwst
531218,25918,sage,2023-02-28 16:46:00,commit,2014-03-11 12:56:54-05:00,mmasdeu
540145,25842,hs_core,2023-02-28 16:46:00,commit,2014-05-29 13:31:38-05:00,shaunjl
540521,25918,sage,2023-02-28 16:46:00,commit,2018-02-08 06:45:01-06:00,hivert
542894,25918,sage,2023-02-28 16:46:00,commit,2015-02-13 07:22:03-06:00,a-andre
545277,25918,sage,2023-02-28 16:46:00,commit,2007-08-12 17:00:35-05:00,williamstein
546549,25918,sage,2023-02-28 16:46:00,commit,2015-06-10 11:06:14-05:00,drvinceknight
560422,25918,sage,2023-02-28 16:46:00,commit,2019-02-12 08:24:06-06:00,yhxnf
563536,25831,cp2k,2023-02-28 16:46:00,commit,2005-06-07 17:46:46-05:00,marci73
565069,25882,hepstats,2023-02-28 16:46:00,commit,2022-09-04 02:10:01-05:00,amanmdesai
567596,25918,sage,2023-02-28 16:46:00,commit,2021-06-24 20:48:22-05:00,mkoeppe
567929,25831,cp2k,2023-02-28 16:46:00,commit,2018-05-06 06:07:19-05:00,oschuett
588075,25918,sage,2023-02-28 16:46:00,commit,2021-06-18 08:33:53-05:00,tejasvicsr1
589518,25918,sage,2023-02-28 16:46:00,commit,2017-07-25 06:22:35-05:00,jm58660
597412,25918,sage,2023-02-28 16:46:00,commit,2018-01-23 05:27:13-06:00,embray
597689,25918,sage,2023-02-28 16:46:00,commit,2014-03-16 10:42:29-05:00,darijgr
598137,25973,cctools,2023-02-28 16:46:00,commit,2016-06-15 13:22:33-05:00,nhazekam
603883,25941,rmgdft,2023-02-28 16:46:00,commit,2022-12-22 10:10:05-06:00,elbriggs
606845,25941,rmgdft,2023-02-28 16:46:00,commit,2019-07-30 14:01:00-05:00,elbriggs
606933,25941,rmgdft,2023-02-28 16:46:00,commit,2022-10-15 04:58:15-05:00,elbriggs
629081,25918,sage,2023-02-28 16:46:00,commit,2007-06-23 15:51:24-05:00,williamstein
631042,25918,sage,2023-02-28 16:46:00,commit,2008-04-09 08:42:44-05:00,aghitza
631882,25911,lapack,2023-02-28 16:46:00,commit,2016-06-27 21:07:25-05:00,svillemot
633968,25918,sage,2023-02-28 16:46:00,commit,2018-11-12 05:56:07-06:00,dkrenn
639139,25918,sage,2023-02-28 16:46:00,commit,2017-12-01 07:34:27-06:00,embray
645285,25941,rmgdft,2023-02-28 16:46:00,commit,2014-11-26 20:29:57-06:00,WenchangLu
648525,25973,cctools,2023-02-28 16:46:00,commit,2015-11-10 12:46:29-06:00,dthain
649819,25952,yt,2023-02-28 16:46:00,commit,2020-07-18 07:37:45-05:00,cphyc
652110,26045,dealii,2023-02-28 16:46:00,commit,2016-07-06 13:07:12-05:00,drwells
654256,25859,llvm-project,2023-02-28 16:46:00,commit,2009-04-03 07:16:32-05:00,UskoKruM
661711,25941,rmgdft,2023-02-28 16:46:00,commit,2019-10-24 11:28:25-05:00,WenchangLu
662742,25859,llvm-project,2023-02-28 16:46:00,commit,2009-05-12 23:18:47-05:00,lhames
663198,25941,rmgdft,2023-02-28 16:46:00,commit,2018-08-24 14:29:19-05:00,WenchangLu
664814,25859,llvm-project,2023-02-28 16:46:00,commit,2008-08-06 15:58:38-05:00,resistor
670900,25941,rmgdft,2023-02-28 16:46:00,commit,2019-09-12 08:34:19-05:00,WenchangLu
676068,25917,psi4,2023-02-28 16:46:00,commit,2016-06-15 16:31:25-05:00,psi-rking
683621,25917,psi4,2023-02-28 16:46:00,commit,2021-01-21 00:10:43-06:00,loriab
683830,25917,psi4,2023-02-28 16:46:00,commit,2022-09-13 14:02:02-05:00,loriab
692541,25941,rmgdft,2023-02-28 16:46:00,commit,2019-04-26 06:16:02-05:00,elbriggs
706151,25941,rmgdft,2023-02-28 16:46:00,commit,2012-05-09 19:02:05-05:00,elbriggs
715908,25859,llvm-project,2023-02-28 16:46:00,commit,2016-02-22 07:09:36-06:00,AaronBallman
716790,25859,llvm-project,2023-02-28 16:46:00,commit,2018-04-12 12:53:21-05:00,AaronBallman
733641,25859,llvm-project,2023-02-28 16:46:00,commit,2005-04-21 15:48:15-05:00,mbrukman
742792,25917,psi4,2023-02-28 16:46:00,commit,2018-06-17 13:33:57-05:00,loriab
748106,25859,llvm-project,2023-02-28 16:46:00,commit,2013-02-28 03:39:12-06:00,djasper
748849,25859,llvm-project,2023-02-28 16:46:00,commit,2017-02-15 03:56:08-06:00,djasper
750502,25859,llvm-project,2023-02-28 16:46:00,commit,2013-02-04 02:34:57-06:00,djasper
766948,25918,sage,2023-02-28 16:46:00,commit,2019-06-07 08:35:48-05:00,kliem
768271,25917,psi4,2023-02-28 16:46:00,commit,2013-07-10 09:50:43-05:00,dhollman
769350,25917,psi4,2023-02-28 16:46:00,commit,2017-05-30 13:36:14-05:00,fevangelista
775839,25918,sage,2023-02-28 16:46:00,commit,2015-11-09 17:56:21-06:00,nbruin
793878,25917,psi4,2023-02-28 16:46:00,commit,2012-04-02 12:44:00-05:00,psi-rking
797253,25859,llvm-project,2023-02-28 16:46:00,commit,2005-02-01 14:38:53-06:00,darthscsi
805998,26006,fastr,2023-02-28 16:46:00,commit,2018-12-20 08:55:50-06:00,steve-s
808836,25952,yt,2023-02-28 16:46:00,commit,2022-01-20 09:41:25-06:00,zingale
811163,26006,fastr,2023-02-28 16:46:00,commit,2021-12-21 06:18:00-06:00,steve-s
834003,25859,llvm-project,2023-02-28 16:46:00,commit,2010-08-04 17:39:39-05:00,pateldevang
842954,25917,psi4,2023-02-28 16:46:00,commit,2014-05-14 18:56:25-05:00,psi-rking
849693,26006,fastr,2023-02-28 16:46:00,commit,2017-09-25 04:03:24-05:00,fangerer
851935,25859,llvm-project,2023-02-28 16:46:00,commit,2011-06-21 18:02:36-05:00,pateldevang
858717,25917,psi4,2023-02-28 16:46:00,commit,2011-12-06 04:44:20-06:00,jturney
864987,25892,boinc,2023-02-28 16:46:00,commit,2018-11-06 08:32:52-06:00,lfield
868805,26006,fastr,2023-02-28 16:46:00,commit,2016-11-16 11:01:27-06:00,zslajchrt
872255,26006,fastr,2023-02-28 16:46:00,commit,2022-09-13 11:54:09-05:00,Akirathan
894673,26006,fastr,2023-02-28 16:46:00,commit,2016-09-20 05:56:31-05:00,lukasstadler
900613,25859,llvm-project,2023-02-28 16:46:00,commit,2009-12-03 06:44:31-06:00,eefriedman
910827,26006,fastr,2023-02-28 16:46:00,commit,2015-11-16 07:04:31-06:00,lukasstadler
932062,25971,compiler-rt,2023-02-28 16:46:00,commit,2015-10-22 17:06:41-05:00,kcc
946149,25859,llvm-project,2023-02-28 16:46:00,commit,2014-11-18 09:05:01-06:00,chapuni
948520,25859,llvm-project,2023-02-28 16:46:00,commit,2012-04-26 23:36:34-05:00,chapuni
949409,25859,llvm-project,2023-02-28 16:46:00,commit,2014-03-04 10:13:21-06:00,chapuni
949985,25859,llvm-project,2023-02-28 16:46:00,commit,2015-02-12 18:28:26-06:00,chapuni
950739,25859,llvm-project,2023-02-28 16:46:00,commit,2010-04-21 13:39:03-05:00,bob-wilson
951373,25859,llvm-project,2023-02-28 16:46:00,commit,2012-03-21 12:19:12-05:00,bob-wilson
951649,25859,llvm-project,2023-02-28 16:46:00,commit,2009-10-28 17:10:20-05:00,bob-wilson
952718,25859,llvm-project,2023-02-28 16:46:00,commit,2010-07-14 01:31:50-05:00,bob-wilson
963061,25859,llvm-project,2023-02-28 16:46:00,commit,2019-01-24 14:19:18-06:00,nico
969048,25859,llvm-project,2023-02-28 16:46:00,commit,2014-04-29 23:54:42-05:00,nico
969568,25859,llvm-project,2023-02-28 16:46:00,commit,2015-08-07 05:15:15-05:00,yrnkrn
976583,26048,OCCAM,2023-02-28 16:46:00,commit,2021-04-02 17:36:48-05:00,ashish-gehani
976912,25859,llvm-project,2023-02-28 16:46:00,commit,2018-09-06 09:13:10-05:00,DihSampaio
989169,26006,fastr,2023-02-28 16:46:00,commit,2018-01-16 10:21:06-06:00,tstupka
997395,25859,llvm-project,2023-02-28 16:46:00,commit,2014-05-07 20:35:57-05:00,compnerd
999255,25859,llvm-project,2023-02-28 16:46:00,commit,2017-10-17 17:49:53-05:00,compnerd
1000862,25971,compiler-rt,2023-02-28 16:46:00,commit,2015-03-03 16:15:44-06:00,vonosmas
1001336,25859,llvm-project,2023-02-28 16:46:00,commit,2019-02-13 19:11:29-06:00,kcc
1002180,25859,llvm-project,2023-02-28 16:46:00,commit,2015-06-27 14:04:55-05:00,AlexDenisov
1011944,25859,llvm-project,2023-02-28 16:46:00,commit,2012-10-04 05:08:23-05:00,dvyukov
1012297,26091,root_numpy,2023-02-28 16:46:00,commit,2012-11-06 23:40:34-06:00,piti118
1013885,25859,llvm-project,2023-02-28 16:46:00,commit,2012-12-21 00:30:27-06:00,dvyukov
1015945,25859,llvm-project,2023-02-28 16:46:00,commit,2018-05-30 04:03:39-05:00,liuguangqiang
1017914,26091,root_numpy,2023-02-28 16:46:00,commit,2012-12-16 00:00:17-06:00,piti118
1019625,25861,iminuit,2023-02-28 16:46:00,commit,2012-05-09 01:24:37-05:00,piti118
1030622,25859,llvm-project,2023-02-28 16:46:00,commit,2012-03-04 22:47:34-06:00,jimingham
1031400,25831,cp2k,2023-02-28 16:46:00,commit,2016-04-26 10:10:32-05:00,alazzaro
1031964,25859,llvm-project,2023-02-28 16:46:00,commit,2019-07-24 04:20:14-05:00,weliveindetail
1032247,25997,draft,2023-02-28 16:46:00,commit,2022-11-16 00:49:13-06:00,burblebee
1032453,25918,sage,2023-02-28 16:46:00,commit,2014-04-15 23:49:49-05:00,cheuberg
1032917,25859,llvm-project,2023-02-28 16:46:00,commit,2014-03-31 12:09:09-05:00,majnemer
1039620,25859,llvm-project,2023-02-28 16:46:00,commit,2014-08-30 01:18:20-05:00,majnemer
1041221,25939,ompi,2023-02-28 16:46:00,commit,2013-07-16 11:02:33-05:00,hjelmn
1041536,25975,swift-k,2023-02-28 16:46:00,commit,2008-09-30 11:46:45-05:00,hategan
1042710,25975,swift-k,2023-02-28 16:46:00,commit,2015-03-23 01:25:08-05:00,hategan
1044473,25859,llvm-project,2023-02-28 16:46:00,commit,2016-08-30 15:20:24-05:00,majnemer
1045530,25975,swift-k,2023-02-28 16:46:00,commit,2014-07-04 02:19:23-05:00,hategan
1048275,25975,swift-k,2023-02-28 16:46:00,commit,2010-03-15 15:01:06-05:00,hategan
1052058,26056,tusd,2023-02-28 16:46:00,commit,2018-05-05 14:18:47-05:00,acj
1058150,25975,swift-k,2023-02-28 16:46:00,commit,2007-10-01 14:13:58-05:00,hategan
1058466,25975,swift-k,2023-02-28 16:46:00,commit,2007-09-27 11:54:10-05:00,hategan
1068477,25886,mplhep,2023-02-28 16:46:00,commit,2020-04-17 08:54:07-05:00,andrzejnovak
1077841,25859,llvm-project,2023-02-28 16:46:00,commit,2012-11-27 21:04:10-06:00,hfinkel
1079968,25989,Block,2023-02-28 16:46:00,commit,2014-03-25 09:45:46-05:00,yangjunpro
1086529,25939,ompi,2023-02-28 16:46:00,commit,2019-05-19 06:39:11-05:00,alex-anenkov
1087409,25833,GOMC,2023-02-28 16:46:00,commit,2017-08-01 14:49:35-05:00,YounesN
1087412,25939,ompi,2023-02-28 16:46:00,commit,2007-06-13 07:47:38-05:00,gleb-cloudius
1090623,25833,GOMC,2023-02-28 16:46:00,commit,2020-05-30 05:21:14-05:00,YounesN
1090875,25939,ompi,2023-02-28 16:46:00,commit,2015-02-12 13:01:05-06:00,hjelmn
1091238,25939,ompi,2023-02-28 16:46:00,commit,2011-09-20 14:25:59-05:00,shamisp
1091289,25939,ompi,2023-02-28 16:46:00,commit,2008-10-08 04:56:43-05:00,shamisp
1094705,25833,GOMC,2023-02-28 16:46:00,commit,2020-05-24 18:11:19-05:00,GregorySchwing
1094894,25833,GOMC,2023-02-28 16:46:00,commit,2021-09-30 21:24:32-05:00,GregorySchwing
1096848,25833,GOMC,2023-02-28 16:46:00,commit,2020-07-10 23:44:00-05:00,GregorySchwing
1100165,25945,SciDBR,2023-02-28 16:46:00,commit,2017-01-19 00:03:00-06:00,Paradigm4Labs
1103567,25945,SciDBR,2023-02-28 16:46:00,commit,2013-09-28 07:34:58-05:00,bwlewis
1116102,26061,ADIOS,2023-02-28 16:46:00,commit,2015-07-14 10:35:09-05:00,jychoi-hpc
1128714,26061,ADIOS,2023-02-28 16:46:00,commit,2014-12-05 13:44:06-06:00,guj
1130418,25831,cp2k,2023-02-28 16:46:00,commit,2022-02-11 09:07:34-06:00,fstein93
1132768,25831,cp2k,2023-02-28 16:46:00,commit,2008-04-16 10:02:05-05:00,mguidon
1133509,25831,cp2k,2023-02-28 16:46:00,commit,2004-06-20 23:28:54-05:00,cjmundy
1133704,25831,cp2k,2023-02-28 16:46:00,commit,2003-09-15 18:02:25-05:00,cjmundy
1136343,25831,cp2k,2023-02-28 16:46:00,commit,2009-05-27 08:44:23-05:00,mkrack
1141218,25975,swift-k,2023-02-28 16:46:00,commit,2007-12-03 12:45:14-06:00,benclifford
1144803,25975,swift-k,2023-02-28 16:46:00,commit,2014-04-04 11:53:00-05:00,DavidKelly999
1146112,25975,swift-k,2023-02-28 16:46:00,commit,2013-10-07 16:11:01-05:00,DavidKelly999
1147010,25918,sage,2023-02-28 16:46:00,commit,2020-03-24 02:03:16-05:00,DaveWitteMorris
1157057,26058,ReMPI,2023-02-28 16:46:00,commit,2015-06-19 12:33:26-05:00,kento
1164563,25974,scifio,2023-02-28 16:46:00,commit,2013-04-18 10:25:50-05:00,hinerm
1172415,25831,cp2k,2023-02-28 16:46:00,commit,2008-10-17 15:15:51-05:00,tlaino
1174547,25918,sage,2023-02-28 16:46:00,commit,2015-01-17 10:11:44-06:00,videlec
1176567,25917,psi4,2023-02-28 16:46:00,commit,2012-01-05 06:49:09-06:00,msaitow
1185938,25859,llvm-project,2023-02-28 16:46:00,commit,2012-10-04 17:13:39-05:00,zygoloid
1186773,25831,cp2k,2023-02-28 16:46:00,commit,2012-10-20 06:34:00-05:00,tlaino
1195062,25974,scifio,2023-02-28 16:46:00,commit,2006-06-14 14:17:35-05:00,ctrueden
1198078,25859,llvm-project,2023-02-28 16:46:00,commit,2013-12-09 01:03:59-06:00,zygoloid
1201371,25859,llvm-project,2023-02-28 16:46:00,commit,2015-03-10 19:12:17-05:00,zygoloid
1209825,25831,cp2k,2023-02-28 16:46:00,commit,2009-03-04 07:34:34-06:00,fawzi
1212697,25831,cp2k,2023-02-28 16:46:00,commit,2002-06-12 12:28:49-05:00,fawzi
1215279,25859,llvm-project,2023-02-28 16:46:00,commit,2007-01-14 00:27:21-06:00,lattner
1215339,25859,llvm-project,2023-02-28 16:46:00,commit,2004-04-09 13:19:29-05:00,lattner
1216031,25859,llvm-project,2023-02-28 16:46:00,commit,2004-02-16 14:46:13-06:00,lattner
1217536,25974,scifio,2023-02-28 16:46:00,commit,2006-07-19 13:41:50-05:00,ctrueden
1229953,25859,llvm-project,2023-02-28 16:46:00,commit,2007-12-08 16:17:33-06:00,lattner
1230219,25859,llvm-project,2023-02-28 16:46:00,commit,2007-08-27 12:24:30-05:00,lattner
1230562,25859,llvm-project,2023-02-28 16:46:00,commit,2002-08-01 15:48:21-05:00,lattner
1232364,25859,llvm-project,2023-02-28 16:46:00,commit,2002-05-05 19:52:06-05:00,lattner
1233275,25859,llvm-project,2023-02-28 16:46:00,commit,2002-12-28 14:24:48-06:00,lattner
1233644,25859,llvm-project,2023-02-28 16:46:00,commit,2007-07-05 00:38:55-05:00,lattner
1234869,25859,llvm-project,2023-02-28 16:46:00,commit,2002-09-13 16:41:07-05:00,lattner
1237049,25859,llvm-project,2023-02-28 16:46:00,commit,2008-03-08 22:10:46-06:00,lattner
1238053,25859,llvm-project,2023-02-28 16:46:00,commit,2008-12-04 00:31:07-06:00,lattner
1238246,25859,llvm-project,2023-02-28 16:46:00,commit,2006-03-14 19:33:26-06:00,lattner
1238856,25859,llvm-project,2023-02-28 16:46:00,commit,2005-04-09 22:06:27-05:00,lattner
1239432,25859,llvm-project,2023-02-28 16:46:00,commit,2010-01-14 15:20:55-06:00,lattner
1244194,25948,oamap,2023-02-28 16:46:00,commit,2017-07-27 11:16:46-05:00,jpivarski
1250584,25862,quda,2023-02-28 16:46:00,commit,2022-10-24 15:52:15-05:00,alexstrel
1255559,25862,quda,2023-02-28 16:46:00,commit,2012-03-14 10:56:44-05:00,gshi
1265898,26015,uproot3,2023-02-28 16:46:00,commit,2017-11-27 15:55:38-06:00,jpivarski
1266452,25862,quda,2023-02-28 16:46:00,commit,2017-07-06 16:48:18-05:00,maddyscientist
1276656,25925,uproot,2023-02-28 16:46:00,commit,2018-12-13 16:48:01-06:00,jpivarski
1283873,25925,uproot,2023-02-28 16:46:00,commit,2019-04-23 17:07:51-05:00,matthewfeickert
1290597,25862,quda,2023-02-28 16:46:00,commit,2017-10-27 13:36:48-05:00,maddyscientist
1294403,25862,quda,2023-02-28 16:46:00,commit,2015-07-29 11:16:27-05:00,maddyscientist
1299230,25831,cp2k,2023-02-28 16:46:00,commit,2004-06-24 04:54:05-05:00,vondele
1301342,25831,cp2k,2023-02-28 16:46:00,commit,2012-12-26 14:35:29-06:00,vondele
1302674,25831,cp2k,2023-02-28 16:46:00,commit,2010-11-22 06:34:36-06:00,vondele
1313726,25862,quda,2023-02-28 16:46:00,commit,2020-01-04 17:29:24-06:00,maddyscientist
1316611,25862,quda,2023-02-28 16:46:00,commit,2021-01-27 17:05:17-06:00,bjoo
1344839,25831,cp2k,2023-02-28 16:46:00,commit,2015-08-06 08:05:22-05:00,ibethune
1351648,25997,draft,2023-02-28 16:46:00,commit,2022-05-05 09:59:35-05:00,jensmaurer
1368790,25924,carl,2023-02-28 16:46:00,commit,2016-02-28 09:03:20-06:00,glouppe
1370331,26089,CZIMEA,2023-02-28 16:46:00,commit,2017-07-30 22:28:14-05:00,emiliom
1401894,25859,llvm-project,2023-02-28 16:46:00,commit,2007-08-21 16:44:59-05:00,lattner
1406089,25859,llvm-project,2023-02-28 16:46:00,commit,2006-06-16 12:50:12-05:00,lattner
1407309,26069,Trilinos,2023-02-28 16:46:00,commit,2014-08-28 16:48:04-05:00,bartlettroscoe
1422594,26067,pkgdown,2023-02-28 16:46:00,commit,2014-02-24 14:12:46-06:00,hadley
1449443,25918,sage,2023-02-28 16:46:00,commit,2015-03-14 09:06:49-05:00,nthiery
1454277,25884,postgres-formula,2023-02-28 16:46:00,commit,2016-03-14 18:14:02-05:00,gravyboat
1467740,26069,Trilinos,2023-02-28 16:46:00,commit,2016-08-18 17:49:37-05:00,tokusanya
1467767,26069,Trilinos,2023-02-28 16:46:00,commit,2019-08-22 14:32:52-05:00,trilinos-autotester
1480518,25857,decaylanguage,2023-02-28 16:46:00,commit,2019-06-26 10:13:58-05:00,henryiii
1482421,25859,llvm-project,2023-02-28 16:46:00,commit,2007-12-12 17:12:09-06:00,echeng8
1483690,26056,tusd,2023-02-28 16:46:00,commit,2021-11-26 11:08:25-06:00,dependabot[bot]
1492630,25859,llvm-project,2023-02-28 16:46:00,commit,2004-06-19 02:40:14-05:00,lattner
1493060,25917,psi4,2023-02-28 16:46:00,commit,2012-01-10 11:40:20-06:00,ssh2
1493411,25918,sage,2023-02-28 16:46:00,commit,2007-05-29 16:44:44-05:00,williamstein
1494016,25918,sage,2023-02-28 16:46:00,commit,2018-09-12 04:35:48-05:00,vinklein
1498113,25859,llvm-project,2023-02-28 16:46:00,commit,2002-04-29 17:24:24-05:00,lattner
1498319,26069,Trilinos,2023-02-28 16:46:00,commit,2019-03-27 12:25:32-05:00,trilinos-autotester
1498899,25859,llvm-project,2023-02-28 16:46:00,commit,2011-07-11 15:40:56-05:00,echeng8
1499344,25859,llvm-project,2023-02-28 16:46:00,commit,2002-12-15 13:51:14-06:00,lattner
1503944,25859,llvm-project,2023-02-28 16:46:00,commit,2010-01-04 19:24:28-06:00,greened
1504926,26045,dealii,2023-02-28 16:46:00,commit,2018-10-11 03:47:39-05:00,BenBrands
1506761,25859,llvm-project,2023-02-28 16:46:00,commit,2007-04-22 01:22:05-05:00,lattner
1507471,25859,llvm-project,2023-02-28 16:46:00,commit,2005-01-01 10:06:57-06:00,lattner
1508655,26069,Trilinos,2023-02-28 16:46:00,commit,2019-08-10 05:10:24-05:00,trilinos-autotester
1510705,25918,sage,2023-02-28 16:46:00,commit,2010-04-10 13:51:28-05:00,jhpalmieri
1510951,26069,Trilinos,2023-02-28 16:46:00,commit,2019-08-05 20:30:16-05:00,trilinos-autotester
1513078,25859,llvm-project,2023-02-28 16:46:00,commit,2008-12-19 11:03:38-06:00,lattner
1514676,25859,llvm-project,2023-02-28 16:46:00,commit,2007-12-27 23:38:24-06:00,lattner
1515024,25859,llvm-project,2023-02-28 16:46:00,commit,2002-03-06 12:44:29-06:00,lattner
1524284,25859,llvm-project,2023-02-28 16:46:00,commit,2015-09-25 05:37:12-05:00,alexey-bataev
1530841,25859,llvm-project,2023-02-28 16:46:00,commit,2009-02-08 13:44:51-06:00,lattner
1532213,25918,sage,2023-02-28 16:46:00,commit,2014-02-17 11:05:39-06:00,simon-king-jena
1533069,25859,llvm-project,2023-02-28 16:46:00,commit,2003-08-26 18:46:53-05:00,lattner
1533628,25859,llvm-project,2023-02-28 16:46:00,commit,2001-07-26 11:29:38-05:00,lattner
1533761,25859,llvm-project,2023-02-28 16:46:00,commit,2009-01-05 02:04:33-06:00,lattner
1535632,25859,llvm-project,2023-02-28 16:46:00,commit,2004-10-27 00:57:15-05:00,lattner
1539536,25918,sage,2023-02-28 16:46:00,commit,2016-08-16 07:36:03-05:00,egourgoulhon
1539572,25859,llvm-project,2023-02-28 16:46:00,commit,2007-08-25 00:47:03-05:00,lattner
1539745,25991,hydroshare,2023-02-28 16:46:00,commit,2017-01-02 11:36:53-06:00,Maurier
1539915,25859,llvm-project,2023-02-28 16:46:00,commit,2004-01-17 16:48:06-06:00,lattner
1541000,25918,sage,2023-02-28 16:46:00,commit,2020-05-08 13:07:13-05:00,kedlaya
1542084,25918,sage,2023-02-28 16:46:00,commit,2013-07-10 03:26:59-05:00,saraedum
1545120,25918,sage,2023-02-28 16:46:00,commit,2022-02-15 03:12:00-06:00,tscrim
1545265,25918,sage,2023-02-28 16:46:00,commit,2017-09-12 15:03:54-05:00,mantepse
1545867,25974,scifio,2023-02-28 16:46:00,commit,2008-03-17 17:59:50-05:00,ctrueden
1548064,25859,llvm-project,2023-02-28 16:46:00,commit,2004-05-21 13:37:13-05:00,lattner
1549895,25918,sage,2023-02-28 16:46:00,commit,2018-10-31 15:44:52-05:00,kiwifb
1552631,26045,dealii,2023-02-28 16:46:00,commit,2017-10-20 11:31:33-05:00,kronbichler
1554093,25859,llvm-project,2023-02-28 16:46:00,commit,2009-07-17 19:58:38-05:00,sunfishcode
1560138,25859,llvm-project,2023-02-28 16:46:00,commit,2004-11-20 17:55:15-06:00,lattner
1567034,25859,llvm-project,2023-02-28 16:46:00,commit,2010-12-06 18:31:29-06:00,johnnychen94
1567438,25859,llvm-project,2023-02-28 16:46:00,commit,2012-02-27 17:27:16-06:00,johnnychen94
1582656,25859,llvm-project,2023-02-28 16:46:00,commit,2019-01-24 17:13:20-06:00,dwblaikie
1585286,25974,scifio,2023-02-28 16:46:00,commit,2008-03-17 10:56:23-05:00,melissalinkert
1585951,25974,scifio,2023-02-28 16:46:00,commit,2010-07-08 10:07:23-05:00,melissalinkert
1603853,25859,llvm-project,2023-02-28 16:46:00,commit,2013-12-04 12:34:28-06:00,dwblaikie
1611395,25859,llvm-project,2023-02-28 16:46:00,commit,2015-01-24 19:19:10-06:00,dwblaikie
1617120,25974,scifio,2023-02-28 16:46:00,commit,2012-01-02 11:09:52-06:00,melissalinkert
1623473,25974,scifio,2023-02-28 16:46:00,commit,2010-05-04 05:09:22-05:00,qidane
1628351,25974,scifio,2023-02-28 16:46:00,commit,2012-08-20 10:13:19-05:00,hinerm
1628405,25974,scifio,2023-02-28 16:46:00,commit,2013-10-28 08:17:36-05:00,hinerm
1638915,25859,llvm-project,2023-02-28 16:46:00,commit,2009-03-12 01:29:49-05:00,echeng8
1640099,25991,hydroshare,2023-02-28 16:46:00,commit,2018-05-10 13:14:32-05:00,aphelionz
1643294,25917,psi4,2023-02-28 16:46:00,commit,2015-08-15 07:15:56-05:00,bozkaya
1644334,25859,llvm-project,2023-02-28 16:46:00,commit,2011-09-20 13:42:07-05:00,isanbard
1644345,25859,llvm-project,2023-02-28 16:46:00,commit,2011-02-28 19:00:59-06:00,isanbard
1644487,26069,Trilinos,2023-02-28 16:46:00,commit,2011-07-20 09:14:34-05:00,skennon10
1645362,25859,llvm-project,2023-02-28 16:46:00,commit,2012-02-13 17:45:02-06:00,nlewycky
1649523,25859,llvm-project,2023-02-28 16:46:00,commit,2018-02-04 10:24:17-06:00,sdesmalen-arm
1651171,26069,Trilinos,2023-02-28 16:46:00,commit,2016-04-19 20:18:35-05:00,jhux2
1651350,25859,llvm-project,2023-02-28 16:46:00,commit,2015-10-07 22:45:58-05:00,sanjoy
1656228,25917,psi4,2023-02-28 16:46:00,commit,2018-09-25 11:42:33-05:00,loriab
1656541,25939,ompi,2023-02-28 16:46:00,commit,2007-06-12 17:49:54-05:00,bosilca
1663181,25859,llvm-project,2023-02-28 16:46:00,commit,2019-07-23 13:09:13-05:00,JDevlieghere
1674483,25859,llvm-project,2023-02-28 16:46:00,commit,2003-08-13 13:16:34-05:00,brgaeke
1676208,25859,llvm-project,2023-02-28 16:46:00,commit,2017-10-04 17:44:13-05:00,kzhuravl
1676966,25911,lapack,2023-02-28 16:46:00,commit,2022-07-26 14:42:23-05:00,angsch
1680319,25859,llvm-project,2023-02-28 16:46:00,commit,2014-11-13 14:50:44-06:00,ributzka
1681099,25859,llvm-project,2023-02-28 16:46:00,commit,2014-05-15 12:49:20-05:00,ributzka
1684987,25859,llvm-project,2023-02-28 16:46:00,commit,2012-06-27 20:23:30-05:00,egranata
1687866,25991,hydroshare,2023-02-28 16:46:00,commit,2019-06-18 14:34:44-05:00,sblack-usu
1687872,25851,hsmodels,2023-02-28 16:46:00,commit,2021-02-10 16:41:24-06:00,sblack-usu
1692531,25859,llvm-project,2023-02-28 16:46:00,commit,2019-08-20 08:39:17-05:00,rotateright
1694149,25859,llvm-project,2023-02-28 16:46:00,commit,2012-05-14 20:22:45-05:00,egranata
1699124,25859,llvm-project,2023-02-28 16:46:00,commit,2011-02-11 00:08:28-06:00,zwarich
1704238,26069,Trilinos,2023-02-28 16:46:00,commit,2016-04-28 15:06:18-05:00,ndellingwood
1705042,25859,llvm-project,2023-02-28 16:46:00,commit,2010-12-08 18:33:41-06:00,tkremenek
1705427,25859,llvm-project,2023-02-28 16:46:00,commit,2007-08-23 11:51:52-05:00,tkremenek
1705679,25859,llvm-project,2023-02-28 16:46:00,commit,2009-12-17 01:38:34-06:00,tkremenek
1707375,26045,dealii,2023-02-28 16:46:00,commit,2018-11-07 15:06:29-06:00,luca-heltai
1708133,26045,dealii,2023-02-28 16:46:00,commit,2021-01-26 08:00:09-06:00,luca-heltai
1708347,26045,dealii,2023-02-28 16:46:00,commit,2015-05-05 06:15:57-05:00,luca-heltai
1708688,25859,llvm-project,2023-02-28 16:46:00,commit,2009-12-22 19:09:59-06:00,tkremenek
1709033,25859,llvm-project,2023-02-28 16:46:00,commit,2008-09-11 13:14:22-05:00,tkremenek
1712031,25859,llvm-project,2023-02-28 16:46:00,commit,2014-01-22 00:10:28-06:00,tkremenek
1715782,25997,draft,2023-02-28 16:46:00,commit,2020-11-17 05:26:45-06:00,burblebee
1718181,26015,uproot3,2023-02-28 16:46:00,commit,2019-06-19 08:51:38-05:00,reikdas
1724311,25918,sage,2023-02-28 16:46:00,commit,2008-11-09 21:26:46-06:00,timothyclemans
1724888,25859,llvm-project,2023-02-28 16:46:00,commit,2007-10-26 17:00:08-05:00,tkremenek
1726194,25918,sage,2023-02-28 16:46:00,commit,2008-11-21 09:53:57-06:00,williamstein
1727574,25918,sage,2023-02-28 16:46:00,commit,2015-07-03 08:42:34-05:00,tscrim
1729652,25859,llvm-project,2023-02-28 16:46:00,commit,2016-09-22 03:36:54-05:00,1sagarthakur1
1732318,25918,sage,2023-02-28 16:46:00,commit,2015-08-22 02:39:13-05:00,fchapoton
1732752,25918,sage,2023-02-28 16:46:00,commit,2020-12-03 12:35:45-06:00,kliem
1736978,25859,llvm-project,2023-02-28 16:46:00,commit,2011-12-27 05:15:04-06:00,d0k
1737037,25859,llvm-project,2023-02-28 16:46:00,commit,2010-01-28 12:04:38-06:00,d0k
1761670,25859,llvm-project,2023-02-28 16:46:00,commit,2009-07-09 22:41:36-05:00,akyrtzi
1762060,25939,ompi,2023-02-28 16:46:00,commit,2015-02-23 10:58:43-06:00,jsquyres
1767850,25859,llvm-project,2023-02-28 16:46:00,commit,2010-08-02 02:14:39-05:00,akyrtzi
1770635,25859,llvm-project,2023-02-28 16:46:00,commit,2016-11-23 04:07:46-06:00,eleviant
1771192,25859,llvm-project,2023-02-28 16:46:00,commit,2017-10-03 13:39:13-05:00,zmodem
1778446,25859,llvm-project,2023-02-28 16:46:00,commit,2010-02-08 18:11:10-06:00,lattner
1786594,25859,llvm-project,2023-02-28 16:46:00,commit,2019-05-28 10:32:11-05:00,aganea
1792712,25952,yt,2023-02-28 16:46:00,commit,2013-06-17 11:45:08-05:00,matthewturk
1795400,25952,yt,2023-02-28 16:46:00,commit,2010-06-06 23:51:18-05:00,matthewturk
1798941,25952,yt,2023-02-28 16:46:00,commit,2013-02-23 05:25:41-06:00,matthewturk
1799591,25918,sage,2023-02-28 16:46:00,commit,2015-08-21 06:10:49-05:00,dkrenn
1800676,25918,sage,2023-02-28 16:46:00,commit,2018-04-18 09:01:20-05:00,embray
1802036,25918,sage,2023-02-28 16:46:00,commit,2015-05-12 16:41:49-05:00,nthiery
1802804,25918,sage,2023-02-28 16:46:00,commit,2017-08-23 07:25:10-05:00,fchapoton
1804011,25859,llvm-project,2023-02-28 16:46:00,commit,2013-11-08 17:06:10-06:00,espindola
1804536,25859,llvm-project,2023-02-28 16:46:00,commit,2011-05-05 17:14:31-05:00,espindola
1808082,25859,llvm-project,2023-02-28 16:46:00,commit,2008-09-22 15:49:34-05:00,23Skidoo
1808706,25859,llvm-project,2023-02-28 16:46:00,commit,2013-12-03 08:33:08-06:00,espindola
1820553,25952,yt,2023-02-28 16:46:00,commit,2016-05-26 14:33:20-05:00,Xarthisius
1829929,25859,llvm-project,2023-02-28 16:46:00,commit,2016-11-16 21:52:14-06:00,rui314
1830347,26045,dealii,2023-02-28 16:46:00,commit,2011-01-24 17:33:57-06:00,msteigemann
1836407,26045,dealii,2023-02-28 16:46:00,commit,2011-11-30 15:09:04-06:00,guidokanschat
1839293,26045,dealii,2023-02-28 16:46:00,commit,2016-06-05 17:02:18-05:00,drwells
1839381,26045,dealii,2023-02-28 16:46:00,commit,2018-03-16 11:03:23-05:00,drwells
1851715,26045,dealii,2023-02-28 16:46:00,commit,2019-02-20 11:20:23-06:00,masterleinad
1861292,26045,dealii,2023-02-28 16:46:00,commit,2017-02-09 16:33:32-06:00,Rombur
1861846,26045,dealii,2023-02-28 16:46:00,commit,2016-06-28 08:07:19-05:00,Rombur
1861911,26045,dealii,2023-02-28 16:46:00,commit,2021-01-14 21:07:10-06:00,Rombur
1862235,26045,dealii,2023-02-28 16:46:00,commit,2015-02-13 14:42:39-06:00,Rombur
1862631,26045,dealii,2023-02-28 16:46:00,commit,2013-09-05 10:57:28-05:00,Rombur
1862827,26045,dealii,2023-02-28 16:46:00,commit,2021-10-22 10:23:14-05:00,Rombur
1871678,26069,Trilinos,2023-02-28 16:46:00,commit,2011-01-31 15:59:53-06:00,klnusbaum
1883741,25841,aspect,2023-02-28 16:46:00,commit,2017-04-23 16:30:48-05:00,naliboff
1893287,25859,llvm-project,2023-02-28 16:46:00,commit,2011-02-15 11:09:56-06:00,DougGregor
1894345,26069,Trilinos,2023-02-28 16:46:00,commit,2013-02-20 11:24:49-06:00,jhux2
1901510,25859,llvm-project,2023-02-28 16:46:00,commit,2012-07-24 22:16:47-05:00,ahatanak
1901755,26045,dealii,2023-02-28 16:46:00,commit,2019-08-07 18:31:43-05:00,tamiko
1902614,26045,dealii,2023-02-28 16:46:00,commit,2015-03-26 12:15:45-05:00,tamiko
1905514,25859,llvm-project,2023-02-28 16:46:00,commit,2011-01-20 01:22:04-06:00,Bigcheese
1910510,25859,llvm-project,2023-02-28 16:46:00,commit,2009-09-26 13:51:37-05:00,echeng8
1914253,25859,llvm-project,2023-02-28 16:46:00,commit,2007-01-12 18:13:49-06:00,reid-spencer
1915985,26069,Trilinos,2023-02-28 16:46:00,commit,2022-08-31 16:00:24-05:00,ndellingwood
1920650,25859,llvm-project,2023-02-28 16:46:00,commit,2012-10-31 18:43:37-05:00,clayborg
1922461,26069,Trilinos,2023-02-28 16:46:00,commit,2016-02-19 13:40:19-06:00,dpkouri
1924551,25892,boinc,2023-02-28 16:46:00,commit,2005-04-10 14:01:23-05:00,davidpanderson
1927329,26045,dealii,2023-02-28 16:46:00,commit,2012-10-09 15:25:01-05:00,tamiko
1928282,26069,Trilinos,2023-02-28 16:46:00,commit,2011-05-11 12:36:43-05:00,rppawlo
1932978,26045,dealii,2023-02-28 16:46:00,commit,2012-11-05 04:37:48-06:00,tamiko
1942821,26045,dealii,2023-02-28 16:46:00,commit,2013-08-20 01:10:57-05:00,tamiko
1943732,25859,llvm-project,2023-02-28 16:46:00,commit,2010-07-12 13:11:17-05:00,espindola
1952461,25859,llvm-project,2023-02-28 16:46:00,commit,2019-06-19 13:44:29-05:00,yuanfang-chen
1953790,25859,llvm-project,2023-02-28 16:46:00,commit,2009-07-09 17:00:53-05:00,masteranca
1954873,26069,Trilinos,2023-02-28 16:46:00,commit,2022-02-25 15:19:40-06:00,trilinos-autotester
1959367,25952,yt,2023-02-28 16:46:00,commit,2016-07-20 12:33:43-05:00,ngoldbaum
1989635,25859,llvm-project,2023-02-28 16:46:00,commit,2016-04-12 09:35:26-05:00,espindola
1991135,25859,llvm-project,2023-02-28 16:46:00,commit,2010-06-15 17:16:40-05:00,espindola
2002306,25859,llvm-project,2023-02-28 16:46:00,commit,2019-05-05 13:59:22-05:00,LebedevRI
2003440,25859,llvm-project,2023-02-28 16:46:00,commit,2019-03-29 06:36:08-05:00,LebedevRI
2005019,25859,llvm-project,2023-02-28 16:46:00,commit,2015-09-14 15:16:34-05:00,tfiala
2012341,25859,llvm-project,2023-02-28 16:46:00,commit,2019-03-20 12:37:23-05:00,Sterling-Augustine
2014214,25859,llvm-project,2023-02-28 16:46:00,commit,2017-10-09 11:52:12-05:00,ilya-biryukov
2017346,25939,ompi,2023-02-28 16:46:00,commit,2004-09-29 07:41:55-05:00,edgargabriel
2025303,25859,llvm-project,2023-02-28 16:46:00,commit,2012-01-23 22:58:56-06:00,asl
2026833,25859,llvm-project,2023-02-28 16:46:00,commit,2013-12-20 23:20:36-06:00,jasonmolenda
2032082,25859,llvm-project,2023-02-28 16:46:00,commit,2013-02-05 23:59:33-06:00,nlewycky
2035496,25859,llvm-project,2023-02-28 16:46:00,commit,2010-06-08 21:20:01-05:00,masteranca
2035667,25859,llvm-project,2023-02-28 16:46:00,commit,2010-04-24 16:23:59-05:00,masteranca
2039446,25859,llvm-project,2023-02-28 16:46:00,commit,2018-09-14 11:48:47-05:00,jh7370
2043040,25859,llvm-project,2023-02-28 16:46:00,commit,2015-08-17 05:03:27-05:00,alexfh
2048084,25859,llvm-project,2023-02-28 16:46:00,commit,2010-07-13 17:35:05-05:00,nlewycky
2052503,25859,llvm-project,2023-02-28 16:46:00,commit,2016-10-13 21:32:54-05:00,EricWF
2070650,25859,llvm-project,2023-02-28 16:46:00,commit,2016-03-21 14:37:30-05:00,rnk
2071217,25859,llvm-project,2023-02-28 16:46:00,commit,2015-08-14 12:39:48-05:00,rnk
2074717,25859,llvm-project,2023-02-28 16:46:00,commit,2018-10-02 12:31:43-05:00,rnk
2079868,25859,llvm-project,2023-02-28 16:46:00,commit,2018-08-31 04:35:33-05:00,krytarowski
2086494,25859,llvm-project,2023-02-28 16:46:00,commit,2013-08-05 01:17:21-05:00,topperc
2087322,25859,llvm-project,2023-02-28 16:46:00,commit,2017-03-28 00:32:48-05:00,topperc
2087680,25859,llvm-project,2023-02-28 16:46:00,commit,2013-08-06 00:41:22-05:00,topperc
2101010,25859,llvm-project,2023-02-28 16:46:00,commit,2019-07-12 14:54:36-05:00,jkorous-apple
2102422,25859,llvm-project,2023-02-28 16:46:00,commit,2017-11-18 22:12:35-06:00,topperc
2103408,25859,llvm-project,2023-02-28 16:46:00,commit,2019-02-13 14:12:41-06:00,topperc
2105851,25859,llvm-project,2023-02-28 16:46:00,commit,2017-10-07 12:07:48-05:00,topperc
2106742,25859,llvm-project,2023-02-28 16:46:00,commit,2014-06-24 11:01:53-05:00,majnemer
2109143,25952,yt,2023-02-28 16:46:00,commit,2013-05-09 02:17:28-05:00,ngoldbaum
2109867,25892,boinc,2023-02-28 16:46:00,commit,2014-04-24 11:41:59-05:00,davidpanderson
2114077,25886,mplhep,2023-02-28 16:46:00,commit,2021-01-08 16:46:01-06:00,actions-user
2114187,25886,mplhep,2023-02-28 16:46:00,commit,2021-06-07 18:35:41-05:00,actions-user
2123677,26045,dealii,2023-02-28 16:46:00,commit,2008-02-26 21:08:36-06:00,bangerth
2127630,25952,yt,2023-02-28 16:46:00,commit,2020-05-29 12:15:31-05:00,matthewturk
2133790,26045,dealii,2023-02-28 16:46:00,commit,2010-09-07 18:03:21-05:00,bangerth
2134325,25859,llvm-project,2023-02-28 16:46:00,commit,2016-11-24 08:46:55-06:00,RKSimon
2134811,26045,dealii,2023-02-28 16:46:00,commit,2005-05-02 17:29:29-05:00,bangerth
2137252,26045,dealii,2023-02-28 16:46:00,commit,2014-01-24 22:11:46-06:00,bangerth
2139825,26045,dealii,2023-02-28 16:46:00,commit,2001-03-30 00:39:37-06:00,bangerth
2142330,26045,dealii,2023-02-28 16:46:00,commit,2010-12-06 21:50:32-06:00,bangerth
2145597,26069,Trilinos,2023-02-28 16:46:00,commit,2006-07-28 13:25:44-05:00,alanw0
2146806,26045,dealii,2023-02-28 16:46:00,commit,2003-05-06 11:03:19-05:00,bangerth
2155439,26045,dealii,2023-02-28 16:46:00,commit,2006-08-25 10:50:19-05:00,bangerth
2157625,26045,dealii,2023-02-28 16:46:00,commit,2006-02-23 14:43:10-06:00,bangerth
2159272,26069,Trilinos,2023-02-28 16:46:00,commit,2007-05-30 12:06:47-05:00,wfspotz
2159809,26045,dealii,2023-02-28 16:46:00,commit,2007-11-04 22:05:53-06:00,bangerth
2160413,26045,dealii,2023-02-28 16:46:00,commit,2003-07-01 15:53:09-05:00,bangerth
2168136,26045,dealii,2023-02-28 16:46:00,commit,2003-09-28 09:31:38-05:00,bangerth
2171152,26069,Trilinos,2023-02-28 16:46:00,commit,2012-04-06 13:34:21-05:00,gdsjaar
2175004,26069,Trilinos,2023-02-28 16:46:00,commit,2004-04-06 11:49:57-05:00,maherou
2178168,25952,yt,2023-02-28 16:46:00,commit,2012-10-15 09:19:16-05:00,matthewturk
2191646,26045,dealii,2023-02-28 16:46:00,commit,2011-10-06 18:39:06-05:00,bangerth
2191859,26045,dealii,2023-02-28 16:46:00,commit,2010-09-07 15:07:55-05:00,bangerth
2191911,26045,dealii,2023-02-28 16:46:00,commit,2014-03-14 21:05:24-05:00,bangerth
2194385,26045,dealii,2023-02-28 16:46:00,commit,2015-04-10 16:21:44-05:00,bangerth
2195224,26045,dealii,2023-02-28 16:46:00,commit,2006-01-14 18:17:08-06:00,bangerth
2195404,26045,dealii,2023-02-28 16:46:00,commit,2010-11-16 09:40:02-06:00,bangerth
2197648,26045,dealii,2023-02-28 16:46:00,commit,2008-05-14 09:54:55-05:00,bangerth
2198602,25859,llvm-project,2023-02-28 16:46:00,commit,2012-12-13 20:13:44-06:00,clayborg
2203756,26045,dealii,2023-02-28 16:46:00,commit,2007-01-17 16:56:28-06:00,bangerth
2204385,25829,superfunpack,2023-02-28 16:46:00,commit,2014-07-23 06:51:17-05:00,Paradigm4Labs
2205188,26045,dealii,2023-02-28 16:46:00,commit,2018-05-15 02:03:26-05:00,bangerth
2207993,26045,dealii,2023-02-28 16:46:00,commit,2016-11-15 22:12:49-06:00,bangerth
2208567,26045,dealii,2023-02-28 16:46:00,commit,2019-08-12 19:17:22-05:00,bangerth
2209867,25952,yt,2023-02-28 16:46:00,commit,2016-01-12 15:52:30-06:00,ngoldbaum
2212206,25859,llvm-project,2023-02-28 16:46:00,commit,2015-02-25 17:48:25-06:00,lvoufo
2217317,25859,llvm-project,2023-02-28 16:46:00,commit,2018-04-13 10:37:56-05:00,RKSimon
2219699,25859,llvm-project,2023-02-28 16:46:00,commit,2018-05-11 10:16:15-05:00,RKSimon
2220707,25859,llvm-project,2023-02-28 16:46:00,commit,2016-06-28 08:24:05-05:00,RKSimon
2222649,25841,aspect,2023-02-28 16:46:00,commit,2017-07-18 13:09:11-05:00,bangerth
2223089,25952,yt,2023-02-28 16:46:00,commit,2016-01-13 19:24:27-06:00,ngoldbaum
2223277,25952,yt,2023-02-28 16:46:00,commit,2014-07-30 14:50:32-05:00,ngoldbaum
2228549,26045,dealii,2023-02-28 16:46:00,commit,2017-04-24 12:20:27-05:00,bangerth
2239937,26045,dealii,2023-02-28 16:46:00,commit,2020-05-26 14:06:10-05:00,bangerth
2240515,26045,dealii,2023-02-28 16:46:00,commit,2017-05-13 21:38:05-05:00,bangerth
2241866,26045,dealii,2023-02-28 16:46:00,commit,2013-04-03 16:29:23-05:00,bangerth
2242358,26045,dealii,2023-02-28 16:46:00,commit,2012-04-13 04:57:42-05:00,bangerth
2254733,26045,dealii,2023-02-28 16:46:00,commit,2014-08-06 01:47:11-05:00,kronbichler
2254970,26045,dealii,2023-02-28 16:46:00,commit,2016-11-07 05:16:26-06:00,kronbichler
2258220,26045,dealii,2023-02-28 16:46:00,commit,2009-01-23 03:32:46-06:00,kronbichler
2260938,25841,aspect,2023-02-28 16:46:00,commit,2021-07-08 12:43:29-05:00,anne-glerum
2264782,26045,dealii,2023-02-28 16:46:00,commit,2022-11-26 08:25:57-06:00,stefanozampini
2268580,25841,aspect,2023-02-28 16:46:00,commit,2017-05-16 21:49:33-05:00,ian-r-rose
2274761,26045,dealii,2023-02-28 16:46:00,commit,2018-08-14 17:27:42-05:00,drwells
2275171,25859,llvm-project,2023-02-28 16:46:00,commit,2015-04-13 19:41:34-05:00,preames
2275709,26045,dealii,2023-02-28 16:46:00,commit,2021-01-14 18:31:13-06:00,drwells
2284509,25859,llvm-project,2023-02-28 16:46:00,commit,2011-12-14 18:29:59-06:00,DougGregor
2287726,25859,llvm-project,2023-02-28 16:46:00,commit,2019-07-18 17:47:18-05:00,lhames
2287943,25841,aspect,2023-02-28 16:46:00,commit,2021-01-07 20:25:20-06:00,tjhei
2295657,25841,aspect,2023-02-28 16:46:00,commit,2021-07-13 11:03:11-05:00,tjhei
2298623,25841,aspect,2023-02-28 16:46:00,commit,2019-05-26 13:55:59-05:00,tjhei
2301195,25841,aspect,2023-02-28 16:46:00,commit,2014-06-06 15:26:47-05:00,tjhei
2324702,25859,llvm-project,2023-02-28 16:46:00,commit,2009-06-01 19:56:07-05:00,echeng8
2325192,25859,llvm-project,2023-02-28 16:46:00,commit,2018-02-13 14:14:26-06:00,sbc100
2337882,25859,llvm-project,2023-02-28 16:46:00,commit,2014-05-21 19:37:03-05:00,atrick
2340913,25892,boinc,2023-02-28 16:46:00,commit,2005-11-07 12:40:08-06:00,romw
2343883,26045,dealii,2023-02-28 16:46:00,commit,2020-07-29 10:44:44-05:00,masterleinad
2346666,26045,dealii,2023-02-28 16:46:00,commit,2021-08-27 02:28:23-05:00,peterrum
2346974,26045,dealii,2023-02-28 16:46:00,commit,2021-09-25 07:14:52-05:00,peterrum
2355603,25859,llvm-project,2023-02-28 16:46:00,commit,2013-09-18 04:46:49-05:00,jgouly
2366881,26069,Trilinos,2023-02-28 16:46:00,commit,2022-09-05 15:56:01-05:00,JacobDomagala
2376053,25862,quda,2023-02-28 16:46:00,commit,2020-04-30 14:19:37-05:00,weinbe2
2376861,25862,quda,2023-02-28 16:46:00,commit,2012-11-06 12:18:59-06:00,justinchiu
2377402,25859,llvm-project,2023-02-28 16:46:00,commit,2007-10-10 13:11:16-05:00,tkremenek
2381876,25862,quda,2023-02-28 16:46:00,commit,2011-06-30 12:22:29-05:00,gshi
2387651,25859,llvm-project,2023-02-28 16:46:00,commit,2009-01-05 14:47:56-06:00,CunningBaldrick
2388061,25859,llvm-project,2023-02-28 16:46:00,commit,2019-02-09 05:34:59-06:00,GeorgiiR
2390003,25859,llvm-project,2023-02-28 16:46:00,commit,2010-06-28 15:55:57-05:00,johnnychen94
2390771,25831,cp2k,2023-02-28 16:46:00,commit,2019-05-21 14:44:54-05:00,hfp
2392453,25859,llvm-project,2023-02-28 16:46:00,commit,2017-02-28 16:01:26-06:00,deanberris
2393038,25971,compiler-rt,2023-02-28 16:46:00,commit,2017-02-09 01:05:42-06:00,deanberris
2393621,25859,llvm-project,2023-02-28 16:46:00,commit,2017-01-02 22:30:21-06:00,deanberris
2394071,25859,llvm-project,2023-02-28 16:46:00,commit,2018-08-16 07:19:03-05:00,deanberris
2395192,25859,llvm-project,2023-02-28 16:46:00,commit,2018-01-24 18:41:58-06:00,an719
2395889,25859,llvm-project,2023-02-28 16:46:00,commit,2007-12-24 17:49:33-06:00,sipherhex
2399305,25859,llvm-project,2023-02-28 16:46:00,commit,2011-06-17 17:19:27-05:00,DougGregor
2401135,25859,llvm-project,2023-02-28 16:46:00,commit,2004-10-29 13:36:51-05:00,mbrukman
2402750,25859,llvm-project,2023-02-28 16:46:00,commit,2009-10-22 02:19:14-05:00,DougGregor
2420469,25859,llvm-project,2023-02-28 16:46:00,commit,2007-10-22 14:46:19-05:00,echeng8
2435128,25859,llvm-project,2023-02-28 16:46:00,commit,2014-06-28 10:56:08-05:00,atanasyan
2435543,25859,llvm-project,2023-02-28 16:46:00,commit,2008-02-28 17:29:57-06:00,echeng8
2450653,25859,llvm-project,2023-02-28 16:46:00,commit,2012-12-05 18:30:20-06:00,isanbard
2451259,25859,llvm-project,2023-02-28 16:46:00,commit,2012-05-13 05:00:58-05:00,isanbard
2452849,25859,llvm-project,2023-02-28 16:46:00,commit,2011-10-24 20:01:42-05:00,isanbard
2453106,25859,llvm-project,2023-02-28 16:46:00,commit,2011-07-28 16:25:33-05:00,isanbard
2454257,25859,llvm-project,2023-02-28 16:46:00,commit,2010-01-13 17:23:17-06:00,isanbard
2455451,25859,llvm-project,2023-02-28 16:46:00,commit,2013-02-22 15:12:51-06:00,isanbard
2458681,25859,llvm-project,2023-02-28 16:46:00,commit,2017-07-20 07:46:02-05:00,avt77
2458822,25859,llvm-project,2023-02-28 16:46:00,commit,2012-03-31 05:49:43-05:00,isanbard
2464558,25859,llvm-project,2023-02-28 16:46:00,commit,2012-08-29 18:52:55-05:00,stoklund
2465834,25859,llvm-project,2023-02-28 16:46:00,commit,2018-02-27 00:26:35-06:00,mstorsjo
2469450,25859,llvm-project,2023-02-28 16:46:00,commit,2011-05-01 02:23:20-05:00,chandlerc
2471064,25859,llvm-project,2023-02-28 16:46:00,commit,2014-04-24 06:05:20-05:00,chandlerc
2471861,25859,llvm-project,2023-02-28 16:46:00,commit,2018-10-03 13:18:50-05:00,RKSimon
2478046,25859,llvm-project,2023-02-28 16:46:00,commit,2013-05-14 19:47:46-05:00,egranata
2480386,25859,llvm-project,2023-02-28 16:46:00,commit,2019-03-01 01:59:17-06:00,rampitec
2482398,26069,Trilinos,2023-02-28 16:46:00,commit,2005-01-23 23:03:15-06:00,kevinelong
2483683,26069,Trilinos,2023-02-28 16:46:00,commit,2011-03-22 01:09:49-05:00,kevinelong
2483869,26069,Trilinos,2023-02-28 16:46:00,commit,2013-09-23 16:23:30-05:00,kevinelong
2491549,25859,llvm-project,2023-02-28 16:46:00,commit,2006-09-22 00:49:57-05:00,sampo3k
2509442,25859,llvm-project,2023-02-28 16:46:00,commit,2017-03-30 08:33:51-05:00,hyp
2516477,25859,llvm-project,2023-02-28 16:46:00,commit,2017-02-02 02:03:20-06:00,topperc
2525486,25975,swift-k,2023-02-28 16:46:00,commit,2007-01-30 15:18:23-06:00,benclifford
2533722,25859,llvm-project,2023-02-28 16:46:00,commit,2013-01-02 06:40:31-06:00,chisophugis
2536923,25859,llvm-project,2023-02-28 16:46:00,commit,2012-03-27 19:24:17-05:00,ahatanak
2539082,25859,llvm-project,2023-02-28 16:46:00,commit,2006-12-29 14:21:51-06:00,reid-spencer
2545002,25859,llvm-project,2023-02-28 16:46:00,commit,2012-01-11 02:41:08-06:00,chandlerc
2548243,25859,llvm-project,2023-02-28 16:46:00,commit,2008-10-27 17:11:01-05:00,ddunbar
2553691,25859,llvm-project,2023-02-28 16:46:00,commit,2008-02-04 17:06:48-06:00,echeng8
2563698,25859,llvm-project,2023-02-28 16:46:00,commit,2011-11-05 10:56:33-05:00,mrosier-qdt
2564452,25859,llvm-project,2023-02-28 16:46:00,commit,2012-09-03 15:37:01-05:00,mrosier-qdt
2577786,25859,llvm-project,2023-02-28 16:46:00,commit,2011-08-12 09:41:23-05:00,tkremenek
2581648,26069,Trilinos,2023-02-28 16:46:00,commit,2013-07-18 17:55:16-05:00,mhoemmen
2585242,25859,llvm-project,2023-02-28 16:46:00,commit,2007-08-10 16:29:05-05:00,sipherhex
2590095,25859,llvm-project,2023-02-28 16:46:00,commit,2019-04-13 23:20:38-05:00,topperc
2593354,26069,Trilinos,2023-02-28 16:46:00,commit,2016-01-12 04:26:25-06:00,mhoemmen
2595896,25859,llvm-project,2023-02-28 16:46:00,commit,2013-02-13 00:01:00-06:00,echristo
2596202,25859,llvm-project,2023-02-28 16:46:00,commit,2015-12-10 15:38:56-06:00,echristo
2599412,25859,llvm-project,2023-02-28 16:46:00,commit,2013-02-12 20:29:18-06:00,echristo
2600128,25859,llvm-project,2023-02-28 16:46:00,commit,2017-06-27 16:19:27-05:00,sbc100
2602723,25859,llvm-project,2023-02-28 16:46:00,commit,2016-09-28 23:01:43-05:00,jasonmolenda
2604289,25971,compiler-rt,2023-02-28 16:46:00,commit,2014-02-14 06:07:22-06:00,eugenis
2608857,26006,fastr,2023-02-28 16:46:00,commit,2018-04-19 07:51:34-05:00,steve-s
2611243,25971,compiler-rt,2023-02-28 16:46:00,commit,2012-01-19 07:37:31-06:00,eugenis
2615218,25859,llvm-project,2023-02-28 16:46:00,commit,2018-04-10 15:59:27-05:00,LebedevRI
2616407,25859,llvm-project,2023-02-28 16:46:00,commit,2013-10-29 14:48:47-05:00,eugenis
2622056,25859,llvm-project,2023-02-28 16:46:00,commit,2017-05-04 10:32:54-05:00,CaseyCarter
2625639,25859,llvm-project,2023-02-28 16:46:00,commit,2015-10-28 19:27:24-05:00,EugeneZelenko
2629256,25859,llvm-project,2023-02-28 16:46:00,commit,2016-02-11 18:38:46-06:00,rui314
2639505,25892,boinc,2023-02-28 16:46:00,commit,2013-11-09 09:17:15-06:00,romw
2639624,25859,llvm-project,2023-02-28 16:46:00,commit,2017-11-12 20:19:13-06:00,topperc
2644298,25859,llvm-project,2023-02-28 16:46:00,commit,2011-08-18 17:25:21-05:00,tkremenek
2645486,25859,llvm-project,2023-02-28 16:46:00,commit,2017-09-20 14:37:37-05:00,cameron314
2650951,25859,llvm-project,2023-02-28 16:46:00,commit,2016-08-01 15:31:50-05:00,kparzysz-quic
2651369,25892,boinc,2023-02-28 16:46:00,commit,2015-03-09 12:11:52-05:00,romw
2653492,25859,llvm-project,2023-02-28 16:46:00,commit,2017-12-31 20:35:43-06:00,faisalv
2665049,25859,llvm-project,2023-02-28 16:46:00,commit,2006-12-15 12:45:32-06:00,JimLaskey
2668332,25859,llvm-project,2023-02-28 16:46:00,commit,2011-01-24 18:03:45-06:00,akyrtzi
2670095,25859,llvm-project,2023-02-28 16:46:00,commit,2011-02-17 02:16:56-06:00,CunningBaldrick
2676180,25859,llvm-project,2023-02-28 16:46:00,commit,2018-11-29 11:32:51-06:00,MaskRay
2677830,26069,Trilinos,2023-02-28 16:46:00,commit,2008-06-25 17:01:22-05:00,hkthorn
2691064,25859,llvm-project,2023-02-28 16:46:00,commit,2019-03-13 02:06:10-05:00,jvesely
2694856,25859,llvm-project,2023-02-28 16:46:00,commit,2015-06-01 15:10:10-05:00,pcc
2701951,25859,llvm-project,2023-02-28 16:46:00,commit,2013-09-05 11:53:14-05:00,xen2
2706144,25859,llvm-project,2023-02-28 16:46:00,commit,2016-10-13 15:52:17-05:00,jlebar
2712214,25859,llvm-project,2023-02-28 16:46:00,commit,2017-06-07 20:26:14-05:00,pcc
2716324,25859,llvm-project,2023-02-28 16:46:00,commit,2016-04-13 03:33:41-05:00,bader
2716340,26006,fastr,2023-02-28 16:46:00,commit,2014-09-02 10:13:11-05:00,geropl
2716381,25859,llvm-project,2023-02-28 16:46:00,commit,2004-07-17 18:29:46-05:00,reid-spencer
2732691,25859,llvm-project,2023-02-28 16:46:00,commit,2016-06-14 15:42:05-05:00,vitalybuka
2733839,26069,Trilinos,2023-02-28 16:46:00,commit,2011-06-10 09:53:58-05:00,klnusbaum
2735657,26069,Trilinos,2023-02-28 16:46:00,commit,2019-01-08 14:12:38-06:00,bartlettroscoe
2737480,25859,llvm-project,2023-02-28 16:46:00,commit,2013-02-08 13:53:32-06:00,r4nt
2738335,25859,llvm-project,2023-02-28 16:46:00,commit,2013-09-20 12:51:00-05:00,rnk
2738842,25859,llvm-project,2023-02-28 16:46:00,commit,2013-10-11 16:10:11-05:00,rnk
2744681,26069,Trilinos,2023-02-28 16:46:00,commit,2015-08-28 14:57:52-05:00,csiefer2
2746674,25971,compiler-rt,2023-02-28 16:46:00,commit,2014-07-11 19:42:52-05:00,vonosmas
2753398,26069,Trilinos,2023-02-28 16:46:00,commit,2018-03-02 16:29:43-06:00,CamelliaDPG
2753690,25859,llvm-project,2023-02-28 16:46:00,commit,2015-04-27 14:37:53-05:00,Artem-B
2759534,25859,llvm-project,2023-02-28 16:46:00,commit,2018-05-04 14:25:09-05:00,geoffberry
2763167,26069,Trilinos,2023-02-28 16:46:00,commit,2014-07-17 14:26:06-05:00,bartlettroscoe
2768461,25859,llvm-project,2023-02-28 16:46:00,commit,2004-12-08 17:56:15-06:00,alkis
2769425,25859,llvm-project,2023-02-28 16:46:00,commit,2009-04-07 13:21:53-05:00,masteranca
2774285,25859,llvm-project,2023-02-28 16:46:00,commit,2014-06-16 19:38:40-05:00,zacharyturner000
2775199,25859,llvm-project,2023-02-28 16:46:00,commit,2016-06-29 17:38:59-05:00,sivachandra
2793170,25918,sage,2023-02-28 16:46:00,commit,2014-10-29 10:12:38-05:00,kcrisman
2799265,25918,sage,2023-02-28 16:46:00,commit,2018-09-04 03:11:39-05:00,kwankyu
2799283,26069,Trilinos,2023-02-28 16:46:00,commit,2012-11-28 11:45:05-06:00,dsunder
2801975,26069,Trilinos,2023-02-28 16:46:00,commit,2010-08-19 17:32:39-05:00,dsunder
2809012,26069,Trilinos,2023-02-28 16:46:00,commit,2013-06-26 13:04:33-05:00,hcedwar
2814166,25918,sage,2023-02-28 16:46:00,commit,2015-01-29 08:48:10-06:00,dkrenn
2817089,26069,Trilinos,2023-02-28 16:46:00,commit,2013-04-24 10:04:43-05:00,hcedwar
2820098,25859,llvm-project,2023-02-28 16:46:00,commit,2013-06-19 12:46:57-05:00,rui314
2822019,26069,Trilinos,2023-02-28 16:46:00,commit,2011-03-16 16:37:24-05:00,tscoffe
2826348,26069,Trilinos,2023-02-28 16:46:00,commit,2005-05-19 00:27:36-05:00,tscoffe
2830022,25859,llvm-project,2023-02-28 16:46:00,commit,2015-09-22 08:36:28-05:00,dsandersllvm
2833400,25859,llvm-project,2023-02-28 16:46:00,commit,2010-03-26 00:57:46-05:00,DougGregor
2835503,25859,llvm-project,2023-02-28 16:46:00,commit,2016-05-11 10:44:23-05:00,dsandersllvm
2838675,26069,Trilinos,2023-02-28 16:46:00,commit,2003-01-30 12:02:04-06:00,michaelbrewer
2839586,25859,llvm-project,2023-02-28 16:46:00,commit,2009-01-05 13:47:30-06:00,sunfishcode
2840344,25859,llvm-project,2023-02-28 16:46:00,commit,2015-02-04 13:14:35-06:00,ributzka
2846908,26069,Trilinos,2023-02-28 16:46:00,commit,2014-09-18 11:52:48-05:00,aprokop
2847200,26045,dealii,2023-02-28 16:46:00,commit,2018-08-08 02:56:08-05:00,masterleinad
2851811,26069,Trilinos,2023-02-28 16:46:00,commit,2013-11-18 15:08:21-06:00,jclause
2854773,25859,llvm-project,2023-02-28 16:46:00,commit,2018-10-30 08:49:15-05:00,krytarowski
2854976,25859,llvm-project,2023-02-28 16:46:00,commit,2019-06-19 09:59:14-05:00,mcinally
2856661,25859,llvm-project,2023-02-28 16:46:00,commit,2004-01-26 15:03:54-06:00,jtcriswell
2859028,25859,llvm-project,2023-02-28 16:46:00,commit,2003-07-22 14:13:20-05:00,jtcriswell
2865864,25874,pegasus,2023-02-28 16:46:00,commit,2019-08-07 10:58:42-05:00,rynge
2868376,25874,pegasus,2023-02-28 16:46:00,commit,2020-11-04 18:39:10-06:00,rynge
2870055,25874,pegasus,2023-02-28 16:46:00,commit,2014-02-05 18:46:19-06:00,vahi
2870325,25874,pegasus,2023-02-28 16:46:00,commit,2017-07-18 16:06:33-05:00,vahi
2871644,25874,pegasus,2023-02-28 16:46:00,commit,2015-04-22 18:09:33-05:00,vahi
2872220,25874,pegasus,2023-02-28 16:46:00,commit,2013-03-30 15:26:02-05:00,vahi
2876466,25874,pegasus,2023-02-28 16:46:00,commit,2019-07-03 18:19:03-05:00,vahi
2878818,25874,pegasus,2023-02-28 16:46:00,commit,2017-05-10 19:26:57-05:00,vahi
2878843,25874,pegasus,2023-02-28 16:46:00,commit,2015-08-05 16:18:01-05:00,vahi
2881181,25874,pegasus,2023-02-28 16:46:00,commit,2013-03-26 12:03:08-05:00,vahi
2881376,25874,pegasus,2023-02-28 16:46:00,commit,2007-12-17 14:59:14-06:00,vahi
2884634,25874,pegasus,2023-02-28 16:46:00,commit,2015-04-07 17:32:19-05:00,rafaelfsilva
2888467,25874,pegasus,2023-02-28 16:46:00,commit,2018-08-27 17:20:07-05:00,mayani
2892215,25874,pegasus,2023-02-28 16:46:00,commit,2012-01-19 18:34:07-06:00,mayani
2892620,25874,pegasus,2023-02-28 16:46:00,commit,2023-01-04 15:33:44-06:00,mayani
2907506,25874,pegasus,2023-02-28 16:46:00,commit,2011-08-15 14:33:07-05:00,fabiolsilva
2916964,26069,Trilinos,2023-02-28 16:46:00,commit,2017-08-21 17:56:23-05:00,ccober6
2925367,26069,Trilinos,2023-02-28 16:46:00,commit,2020-02-10 10:43:44-06:00,mayrmt
2935674,25919,airavata,2023-02-28 16:46:00,commit,2014-02-11 15:20:16-06:00,smarru
2966507,25919,airavata,2023-02-28 16:46:00,commit,2017-05-02 11:35:21-05:00,machristie
2968428,25919,airavata,2023-02-28 16:46:00,commit,2017-06-30 09:55:26-05:00,machristie
2968451,25919,airavata,2023-02-28 16:46:00,commit,2022-06-30 15:49:41-05:00,machristie
2981989,25919,airavata,2023-02-28 16:46:00,commit,2020-08-05 17:21:27-05:00,machristie
2989692,25918,sage,2023-02-28 16:46:00,commit,2009-09-29 08:46:42-05:00,kcrisman
2992271,25918,sage,2023-02-28 16:46:00,commit,2021-11-14 18:43:43-06:00,kwankyu
2994765,25918,sage,2023-02-28 16:46:00,commit,2016-01-28 20:53:40-06:00,tscrim
2995169,25918,sage,2023-02-28 16:46:00,commit,2018-10-19 06:57:50-05:00,xcaruso
2997304,25918,sage,2023-02-28 16:46:00,commit,2018-10-31 10:27:53-05:00,dimpase
3002663,25918,sage,2023-02-28 16:46:00,commit,2017-05-16 20:54:35-05:00,kevinywlui
3002717,25859,llvm-project,2023-02-28 16:46:00,commit,2015-05-06 02:25:08-05:00,alexey-bataev
3003788,25918,sage,2023-02-28 16:46:00,commit,2010-03-25 08:37:39-05:00,seblabbe
3005945,25918,sage,2023-02-28 16:46:00,commit,2017-01-21 15:23:51-06:00,xamarin-release-manager
3006973,25918,sage,2023-02-28 16:46:00,commit,2017-12-11 04:45:33-06:00,xamarin-release-manager
3010767,25918,sage,2023-02-28 16:46:00,commit,2018-08-06 10:13:42-05:00,xamarin-release-manager
3011913,25918,sage,2023-02-28 16:46:00,commit,2017-05-19 17:13:21-05:00,xamarin-release-manager
3014073,25918,sage,2023-02-28 16:46:00,commit,2019-10-07 17:51:32-05:00,xamarin-release-manager
3015594,25918,sage,2023-02-28 16:46:00,commit,2014-10-26 08:21:15-05:00,xamarin-release-manager
3016166,25918,sage,2023-02-28 16:46:00,commit,2019-10-12 17:33:27-05:00,xamarin-release-manager
3020486,25918,sage,2023-02-28 16:46:00,commit,2018-03-24 18:17:17-05:00,mkoeppe
3022298,25918,sage,2023-02-28 16:46:00,commit,2020-12-22 00:57:00-06:00,mkoeppe
3022667,25918,sage,2023-02-28 16:46:00,commit,2021-09-28 17:57:09-05:00,mkoeppe
3032131,25918,sage,2023-02-28 16:46:00,commit,2022-07-25 11:25:32-05:00,mkoeppe
3032601,25918,sage,2023-02-28 16:46:00,commit,2020-11-10 15:23:29-06:00,mkoeppe
3041244,25918,sage,2023-02-28 16:46:00,commit,2015-09-14 00:44:32-05:00,rwst
3059161,25859,llvm-project,2023-02-28 16:46:00,commit,2015-05-19 22:46:04-05:00,alexey-bataev
3070413,25918,sage,2023-02-28 16:46:00,commit,2007-08-29 15:58:27-05:00,williamstein
3070611,25918,sage,2023-02-28 16:46:00,commit,2007-08-22 20:34:12-05:00,williamstein
3071219,25918,sage,2023-02-28 16:46:00,commit,2007-10-13 02:20:33-05:00,williamstein
3071826,25918,sage,2023-02-28 16:46:00,commit,2009-11-16 10:27:01-06:00,williamstein
3071833,25918,sage,2023-02-28 16:46:00,commit,2007-10-12 11:05:59-05:00,williamstein
3088243,25918,sage,2023-02-28 16:46:00,commit,2017-04-19 14:08:36-05:00,fchapoton
3096265,26069,Trilinos,2023-02-28 16:46:00,commit,2015-07-16 16:06:17-05:00,kddevin
3104033,26069,Trilinos,2023-02-28 16:46:00,commit,2013-05-03 16:27:50-05:00,kddevin
3108756,26045,dealii,2023-02-28 16:46:00,commit,2015-08-15 06:24:33-05:00,bangerth
3119994,25918,sage,2023-02-28 16:46:00,commit,2020-02-27 05:45:53-06:00,SagnikDey92
3146908,26069,Trilinos,2023-02-28 16:46:00,commit,2019-05-09 14:42:40-05:00,kddevin
3195009,26069,Trilinos,2023-02-28 16:46:00,commit,2021-12-14 10:11:27-06:00,iyamazaki
3198322,26069,Trilinos,2023-02-28 16:46:00,commit,2014-04-28 19:21:01-05:00,jhux2
3199595,26069,Trilinos,2023-02-28 16:46:00,commit,2002-07-09 15:35:06-05:00,jhux2
3221494,26069,Trilinos,2023-02-28 16:46:00,commit,2020-09-26 10:59:55-05:00,rstumin
3221777,26069,Trilinos,2023-02-28 16:46:00,commit,2004-09-08 19:08:45-05:00,rstumin
3225170,26069,Trilinos,2023-02-28 16:46:00,commit,2021-04-15 03:54:33-05:00,trilinos-autotester
3225451,26069,Trilinos,2023-02-28 16:46:00,commit,2021-02-01 20:18:46-06:00,trilinos-autotester
3242706,26069,Trilinos,2023-02-28 16:46:00,commit,2022-06-09 20:34:02-05:00,ndellingwood
3260579,26069,Trilinos,2023-02-28 16:46:00,commit,2017-08-24 19:54:12-05:00,ndellingwood
3266311,26069,Trilinos,2023-02-28 16:46:00,commit,2010-08-09 10:38:37-05:00,srajama1
3272097,26069,Trilinos,2023-02-28 16:46:00,commit,2004-12-08 15:25:36-06:00,egboman
3273173,26069,Trilinos,2023-02-28 16:46:00,commit,2010-03-16 13:22:48-05:00,egboman
3276935,26069,Trilinos,2023-02-28 16:46:00,commit,2009-01-20 18:06:19-06:00,bmpersc
3347019,26069,Trilinos,2023-02-28 16:46:00,commit,2018-07-06 04:33:32-05:00,roeverf
3349589,26069,Trilinos,2023-02-28 16:46:00,commit,2016-01-28 12:13:42-06:00,lxmota
3355484,25971,compiler-rt,2023-02-28 16:46:00,commit,2016-07-20 09:53:17-05:00,bergeret
3357832,25859,llvm-project,2023-02-28 16:46:00,commit,2013-05-30 18:46:47-05:00,ahmedbougacha
3357982,25859,llvm-project,2023-02-28 16:46:00,commit,2015-08-24 18:47:29-05:00,ahmedbougacha
3361966,25859,llvm-project,2023-02-28 16:46:00,commit,2011-01-18 13:41:41-06:00,bcardosolopes
3362753,25859,llvm-project,2023-02-28 16:46:00,commit,2013-06-26 11:52:32-05:00,TNorthover
3362876,25859,llvm-project,2023-02-28 16:46:00,commit,2014-04-15 09:00:19-05:00,TNorthover
3363919,25859,llvm-project,2023-02-28 16:46:00,commit,2015-11-02 13:32:23-06:00,TNorthover
3375908,25859,llvm-project,2023-02-28 16:46:00,commit,2010-10-23 02:32:37-05:00,23Skidoo
3380841,25859,llvm-project,2023-02-28 16:46:00,commit,2013-12-19 10:12:56-06:00,jzoran
3383471,25859,llvm-project,2023-02-28 16:46:00,commit,2010-12-16 14:15:34-06:00,clayborg
3402261,25859,llvm-project,2023-02-28 16:46:00,commit,2019-04-26 11:37:51-05:00,rampitec
3403941,25859,llvm-project,2023-02-28 16:46:00,commit,2017-03-01 12:06:25-06:00,hyp
3404636,25859,llvm-project,2023-02-28 16:46:00,commit,2019-07-10 17:00:59-05:00,hyp
3408668,25859,llvm-project,2023-02-28 16:46:00,commit,2010-09-07 12:47:31-05:00,HowardHinnant
3421358,26069,Trilinos,2023-02-28 16:46:00,commit,2002-03-15 00:46:10-06:00,maherou
3422618,26069,Trilinos,2023-02-28 16:46:00,commit,2013-08-13 09:16:30-05:00,overfelt
3422998,26069,Trilinos,2023-02-28 16:46:00,commit,2019-08-14 18:32:54-05:00,cgcgcg
3430410,26069,Trilinos,2023-02-28 16:46:00,commit,2015-08-11 11:41:20-05:00,dpkouri
3430945,26069,Trilinos,2023-02-28 16:46:00,commit,2020-03-13 13:28:14-05:00,cgcgcg
3453272,25859,llvm-project,2023-02-28 16:46:00,commit,2011-06-01 14:59:32-05:00,HowardHinnant
3456911,25859,llvm-project,2023-02-28 16:46:00,commit,2013-09-30 18:18:42-05:00,pgurd
3461753,25859,llvm-project,2023-02-28 16:46:00,commit,2011-11-30 13:31:38-06:00,ahatanak
3464437,25859,llvm-project,2023-02-28 16:46:00,commit,2012-09-18 14:51:44-05:00,rdivacky
3464912,25859,llvm-project,2023-02-28 16:46:00,commit,2016-01-07 14:14:30-06:00,joker-eph
3472459,25859,llvm-project,2023-02-28 16:46:00,commit,2008-05-27 16:29:38-05:00,ggreif
3474260,25859,llvm-project,2023-02-28 16:46:00,commit,2018-07-30 15:38:53-05:00,davidbolvansky
3481630,26069,Trilinos,2023-02-28 16:46:00,commit,2013-01-28 13:00:38-06:00,rppawlo
3485453,25859,llvm-project,2023-02-28 16:46:00,commit,2012-02-01 18:16:55-06:00,echristo
3485497,25859,llvm-project,2023-02-28 16:46:00,commit,2009-10-31 04:24:35-05:00,echristo
3485603,25859,llvm-project,2023-02-28 16:46:00,commit,2011-06-03 15:56:31-05:00,echristo
3485882,25859,llvm-project,2023-02-28 16:46:00,commit,2010-07-05 14:26:33-05:00,echristo
3488252,25859,llvm-project,2023-02-28 16:46:00,commit,2009-08-26 16:44:57-05:00,echristo
3488595,25859,llvm-project,2023-02-28 16:46:00,commit,2012-05-22 13:45:18-05:00,echristo
3490139,25859,llvm-project,2023-02-28 16:46:00,commit,2016-06-01 18:29:26-05:00,bogner
3493721,25971,compiler-rt,2023-02-28 16:46:00,commit,2016-01-07 16:54:46-06:00,vedantk
3502799,25859,llvm-project,2023-02-28 16:46:00,commit,2009-11-30 02:40:54-06:00,ddunbar
3503684,25859,llvm-project,2023-02-28 16:46:00,commit,2009-09-09 17:32:26-05:00,ddunbar
3505042,25859,llvm-project,2023-02-28 16:46:00,commit,2011-01-17 23:36:08-06:00,ddunbar
3505400,25859,llvm-project,2023-02-28 16:46:00,commit,2009-12-12 21:46:13-06:00,ddunbar
3506153,25859,llvm-project,2023-02-28 16:46:00,commit,2009-07-31 17:22:54-05:00,ddunbar
3509200,25859,llvm-project,2023-02-28 16:46:00,commit,2010-07-01 15:41:59-05:00,ddunbar
3510076,25859,llvm-project,2023-02-28 16:46:00,commit,2008-10-30 14:35:32-05:00,ddunbar
3519311,25859,llvm-project,2023-02-28 16:46:00,commit,2013-01-28 00:39:31-06:00,gottesmm
3524942,25859,llvm-project,2023-02-28 16:46:00,commit,2009-10-26 14:00:47-05:00,DavidGoodwin
3526920,25859,llvm-project,2023-02-28 16:46:00,commit,2018-07-05 08:16:46-05:00,rotateright
3527078,25859,llvm-project,2023-02-28 16:46:00,commit,2018-03-23 10:07:35-05:00,rotateright
3527546,25859,llvm-project,2023-02-28 16:46:00,commit,2019-02-26 09:25:42-06:00,rotateright
3527985,25859,llvm-project,2023-02-28 16:46:00,commit,2017-12-15 12:34:45-06:00,rotateright
3533797,25859,llvm-project,2023-02-28 16:46:00,commit,2015-09-09 20:06:06-05:00,arsenm
3541925,25859,llvm-project,2023-02-28 16:46:00,commit,2014-09-02 14:12:31-05:00,arsenm
3542624,25859,llvm-project,2023-02-28 16:46:00,commit,2016-12-21 22:03:35-06:00,arsenm
3545042,25859,llvm-project,2023-02-28 16:46:00,commit,2017-02-24 03:02:44-06:00,danmar
3546226,25971,compiler-rt,2023-02-28 16:46:00,commit,2014-04-24 07:58:26-05:00,timurrrr
3553588,25859,llvm-project,2023-02-28 16:46:00,commit,2016-04-21 12:14:10-05:00,EugeneZelenko
3560330,25859,llvm-project,2023-02-28 16:46:00,commit,2016-08-15 15:59:30-05:00,tobiasgrosser
3563617,25919,airavata,2023-02-28 16:46:00,commit,2018-04-09 09:48:41-05:00,DImuthuUpe
3579091,26069,Trilinos,2023-02-28 16:46:00,commit,2009-08-31 10:45:20-05:00,karapeterson
3581093,26069,Trilinos,2023-02-28 16:46:00,commit,2009-06-03 16:56:58-05:00,eric-c-cyr
3582539,26069,Trilinos,2023-02-28 16:46:00,commit,2016-05-25 12:48:38-05:00,eric-c-cyr
3589747,26069,Trilinos,2023-02-28 16:46:00,commit,2008-06-02 10:13:27-05:00,jwillenbring
3590179,26069,Trilinos,2023-02-28 16:46:00,commit,2010-02-09 23:36:17-06:00,jwillenbring
3609613,26069,Trilinos,2023-02-28 16:46:00,commit,2011-03-17 10:50:38-05:00,agsalin
3611062,26069,Trilinos,2023-02-28 16:46:00,commit,2014-11-24 11:02:20-06:00,crtrott
3612422,25859,llvm-project,2023-02-28 16:46:00,commit,2013-01-30 18:12:20-06:00,sunfishcode
3615912,25859,llvm-project,2023-02-28 16:46:00,commit,2011-11-01 18:38:03-05:00,scallanan
3616638,25859,llvm-project,2023-02-28 16:46:00,commit,2011-12-01 15:04:37-06:00,scallanan
3626109,25971,compiler-rt,2023-02-28 16:46:00,commit,2012-01-13 09:31:37-06:00,ramosian-glider
3642858,25971,compiler-rt,2023-02-28 16:46:00,commit,2013-03-11 08:36:39-05:00,ramosian-glider
3643723,25859,llvm-project,2023-02-28 16:46:00,commit,2016-07-31 16:08:20-05:00,dberlin
3644882,25859,llvm-project,2023-02-28 16:46:00,commit,2017-05-24 17:36:11-05:00,rui314
3646763,25859,llvm-project,2023-02-28 16:46:00,commit,2014-03-14 19:04:08-05:00,rui314
3649554,25859,llvm-project,2023-02-28 16:46:00,commit,2013-11-27 12:03:34-06:00,rui314
3670525,25859,llvm-project,2023-02-28 16:46:00,commit,2017-05-23 06:28:50-05:00,pfaffe
3680571,25859,llvm-project,2023-02-28 16:46:00,commit,2013-01-04 11:48:25-06:00,nadavrot
3680634,25859,llvm-project,2023-02-28 16:46:00,commit,2012-12-13 18:30:34-06:00,nadavrot
3686976,25859,llvm-project,2023-02-28 16:46:00,commit,2017-04-05 12:26:45-05:00,dpreobra
3690106,25859,llvm-project,2023-02-28 16:46:00,commit,2011-10-25 17:30:58-05:00,Bigcheese
3694957,25859,llvm-project,2023-02-28 16:46:00,commit,2011-06-13 06:11:39-05:00,Bigcheese
3695161,25859,llvm-project,2023-02-28 16:46:00,commit,2011-03-24 00:23:40-05:00,Bigcheese
3700751,25859,llvm-project,2023-02-28 16:46:00,commit,2011-12-13 17:17:29-06:00,Bigcheese
3701155,25859,llvm-project,2023-02-28 16:46:00,commit,2019-07-15 15:22:27-05:00,yln
3708854,25859,llvm-project,2023-02-28 16:46:00,commit,2017-04-19 09:50:57-05:00,danielcdh
3709657,25859,llvm-project,2023-02-28 16:46:00,commit,2016-10-12 13:59:24-05:00,aschwaighofer
3710402,25859,llvm-project,2023-02-28 16:46:00,commit,2015-05-28 18:20:35-05:00,MatzeB
3727388,25859,llvm-project,2023-02-28 16:46:00,commit,2013-09-06 17:33:52-05:00,adrian-prantl
3727643,25859,llvm-project,2023-02-28 16:46:00,commit,2018-02-05 16:35:46-06:00,adrian-prantl
3730054,25859,llvm-project,2023-02-28 16:46:00,commit,2012-04-03 17:18:49-05:00,cooperp
3733051,25859,llvm-project,2023-02-28 16:46:00,commit,2015-06-27 04:25:28-05:00,poiru
3734279,25844,openmp,2023-02-28 16:46:00,commit,2015-06-02 10:06:08-05:00,jpeyton52
3738419,25859,llvm-project,2023-02-28 16:46:00,commit,2008-05-09 01:41:27-05:00,sampo3k
3741732,25859,llvm-project,2023-02-28 16:46:00,commit,2016-02-09 07:28:44-06:00,teresajohnson
3749189,25859,llvm-project,2023-02-28 16:46:00,commit,2014-04-18 15:30:27-05:00,vonosmas
3754668,25859,llvm-project,2023-02-28 16:46:00,commit,2009-01-27 11:28:23-06:00,sunfishcode
3754723,25859,llvm-project,2023-02-28 16:46:00,commit,2010-01-15 16:22:58-06:00,sunfishcode
3755101,25859,llvm-project,2023-02-28 16:46:00,commit,2009-08-04 19:28:59-05:00,sunfishcode
3756244,25859,llvm-project,2023-02-28 16:46:00,commit,2009-06-19 12:33:15-05:00,sunfishcode
3758802,25859,llvm-project,2023-02-28 16:46:00,commit,2010-12-10 15:48:28-06:00,sunfishcode
3777902,25859,llvm-project,2023-02-28 16:46:00,commit,2010-04-17 01:12:32-05:00,echeng8
3782129,25859,llvm-project,2023-02-28 16:46:00,commit,2008-10-06 16:13:08-05:00,echeng8
3782641,25859,llvm-project,2023-02-28 16:46:00,commit,2009-05-28 18:52:18-05:00,echeng8
3782793,25859,llvm-project,2023-02-28 16:46:00,commit,2010-03-08 17:49:12-06:00,echeng8
3783466,25859,llvm-project,2023-02-28 16:46:00,commit,2010-05-13 18:25:21-05:00,echeng8
3788507,25859,llvm-project,2023-02-28 16:46:00,commit,2019-02-19 06:38:36-06:00,GeorgiiR
3789198,25859,llvm-project,2023-02-28 16:46:00,commit,2016-05-24 08:45:29-05:00,GeorgiiR
3799251,25859,llvm-project,2023-02-28 16:46:00,commit,2019-08-09 06:05:15-05:00,pbarrio
3806099,25859,llvm-project,2023-02-28 16:46:00,commit,2018-08-30 07:29:36-05:00,kirillbobyrev
3808713,26069,Trilinos,2023-02-28 16:46:00,commit,2013-06-03 12:29:40-05:00,bartlettroscoe
3808821,26069,Trilinos,2023-02-28 16:46:00,commit,2015-03-31 04:35:02-05:00,bartlettroscoe
3809988,26069,Trilinos,2023-02-28 16:46:00,commit,2013-07-23 15:02:22-05:00,wfspotz
3817432,26069,Trilinos,2023-02-28 16:46:00,commit,2013-06-15 12:44:19-05:00,tawiesn
3823011,26069,Trilinos,2023-02-28 16:46:00,commit,2015-11-25 10:39:32-06:00,gdsjaar
3845991,26069,Trilinos,2023-02-28 16:46:00,commit,2015-10-23 11:53:03-05:00,vjleung
3863776,26069,Trilinos,2023-02-28 16:46:00,commit,2014-08-09 09:04:44-05:00,etphipp
3864201,26069,Trilinos,2023-02-28 16:46:00,commit,2022-01-04 11:43:32-06:00,etphipp
3864331,26069,Trilinos,2023-02-28 16:46:00,commit,2012-11-09 14:57:56-06:00,etphipp
3878598,26069,Trilinos,2023-02-28 16:46:00,commit,2018-05-15 15:12:38-05:00,csiefer2
3882524,26069,Trilinos,2023-02-28 16:46:00,commit,2018-04-23 13:24:32-05:00,mhoemmen
3883614,26069,Trilinos,2023-02-28 16:46:00,commit,2013-07-02 09:48:37-05:00,mhoemmen
3884111,26069,Trilinos,2023-02-28 16:46:00,commit,2011-05-15 18:47:08-05:00,mhoemmen
3890028,26069,Trilinos,2023-02-28 16:46:00,commit,2010-07-13 19:25:46-05:00,mhoemmen
3894143,26069,Trilinos,2023-02-28 16:46:00,commit,2007-04-04 01:32:02-05:00,hkthorn
3895552,26069,Trilinos,2023-02-28 16:46:00,commit,2005-06-30 11:41:11-05:00,hkthorn
3898117,26069,Trilinos,2023-02-28 16:46:00,commit,2005-06-29 12:23:50-05:00,hkthorn
3899322,26069,Trilinos,2023-02-28 16:46:00,commit,2016-02-15 11:25:48-06:00,tokusanya
3903485,26069,Trilinos,2023-02-28 16:46:00,commit,2019-07-02 11:59:16-05:00,ZUUL42
3903901,26069,Trilinos,2023-02-28 16:46:00,commit,2013-12-05 14:50:05-06:00,aprokop
3927038,26069,Trilinos,2023-02-28 16:46:00,commit,2014-01-03 05:16:31-06:00,radupopescu
3927056,26069,Trilinos,2023-02-28 16:46:00,commit,2013-03-27 17:01:57-05:00,radupopescu
3928088,26069,Trilinos,2023-02-28 16:46:00,commit,2016-05-06 11:26:13-05:00,tawiesn
3928551,26069,Trilinos,2023-02-28 16:46:00,commit,2017-05-23 14:14:17-05:00,tawiesn
3931154,26069,Trilinos,2023-02-28 16:46:00,commit,2016-07-12 21:08:22-05:00,khpierson
3931778,26069,Trilinos,2023-02-28 16:46:00,commit,2017-10-06 11:10:55-05:00,lucbv
3936517,26069,Trilinos,2023-02-28 16:46:00,commit,2020-05-22 14:41:54-05:00,bartlettroscoe
3936901,26069,Trilinos,2023-02-28 16:46:00,commit,2010-05-21 16:11:18-05:00,bartlettroscoe
3936972,26069,Trilinos,2023-02-28 16:46:00,commit,2010-03-12 11:13:32-06:00,bartlettroscoe
3938141,26069,Trilinos,2023-02-28 16:46:00,commit,2006-06-26 09:54:59-05:00,bartlettroscoe
3938913,26069,Trilinos,2023-02-28 16:46:00,commit,2002-07-17 13:29:15-05:00,bartlettroscoe
3940264,26069,Trilinos,2023-02-28 16:46:00,commit,2007-11-02 16:54:37-05:00,bartlettroscoe
3940432,26069,Trilinos,2023-02-28 16:46:00,commit,2010-07-30 12:19:24-05:00,bartlettroscoe
3959632,25902,pi-qmc,2023-02-28 16:46:00,commit,2012-12-01 17:58:55-06:00,shumway
3969706,25901,concepts-ts,2023-02-28 16:46:00,commit,2017-06-19 09:48:51-05:00,asutton
3973633,26069,Trilinos,2023-02-28 16:46:00,commit,2013-03-08 11:36:05-06:00,csiefer2
3984778,25834,yt_astro_analysis,2023-02-28 16:46:00,commit,2012-03-20 11:08:27-05:00,stephenskory
3987840,25952,yt,2023-02-28 16:46:00,commit,2022-05-15 06:26:43-05:00,neutrinoceros
3992720,25952,yt,2023-02-28 16:46:00,commit,2012-05-09 13:40:25-05:00,matthewturk
3993529,25952,yt,2023-02-28 16:46:00,commit,2009-09-15 16:15:26-05:00,stephenskory
3993782,25952,yt,2023-02-28 16:46:00,commit,2014-04-21 22:08:36-05:00,jzuhone
3994793,25952,yt,2023-02-28 16:46:00,commit,2015-12-20 10:01:10-06:00,jzuhone
3995116,25952,yt,2023-02-28 16:46:00,commit,2016-04-11 14:02:13-05:00,jzuhone
3995376,25952,yt,2023-02-28 16:46:00,commit,2014-03-29 16:58:01-05:00,jzuhone
3998197,25952,yt,2023-02-28 16:46:00,commit,2015-02-11 18:29:06-06:00,chummels
3999299,25952,yt,2023-02-28 16:46:00,commit,2021-01-21 11:42:48-06:00,cphyc
3999664,25952,yt,2023-02-28 16:46:00,commit,2012-07-06 17:27:39-05:00,atmyers
4000653,25834,yt_astro_analysis,2023-02-28 16:46:00,commit,2021-03-12 00:51:44-06:00,brittonsmith
4001080,25834,yt_astro_analysis,2023-02-28 16:46:00,commit,2014-02-12 10:33:17-06:00,brittonsmith
4003076,25952,yt,2023-02-28 16:46:00,commit,2016-07-31 08:35:50-05:00,brittonsmith
4003091,25952,yt,2023-02-28 16:46:00,commit,2015-07-24 12:11:31-05:00,brittonsmith
4005448,25952,yt,2023-02-28 16:46:00,commit,2016-06-17 09:34:41-05:00,atmyers
4006419,25952,yt,2023-02-28 16:46:00,commit,2016-07-16 16:46:08-05:00,atmyers
4007351,25952,yt,2023-02-28 16:46:00,commit,2013-01-04 03:21:25-06:00,ngoldbaum
4007996,25952,yt,2023-02-28 16:46:00,commit,2013-04-08 00:40:17-05:00,ngoldbaum
4008758,25952,yt,2023-02-28 16:46:00,commit,2013-06-12 18:18:57-05:00,samskillman
4010285,25991,hydroshare,2023-02-28 16:46:00,commit,2018-08-28 13:36:27-05:00,Maurier
4016259,25892,boinc,2023-02-28 16:46:00,commit,2017-06-15 02:56:41-05:00,nikolasgianna
4017491,25892,boinc,2023-02-28 16:46:00,commit,2013-11-21 13:34:43-06:00,davidpanderson
4019433,25892,boinc,2023-02-28 16:46:00,commit,2006-10-11 11:32:59-05:00,davidpanderson
4022737,25892,boinc,2023-02-28 16:46:00,commit,2015-04-27 12:10:32-05:00,davidpanderson
4029914,25892,boinc,2023-02-28 16:46:00,commit,2010-11-08 10:44:57-06:00,davidpanderson
4033840,25892,boinc,2023-02-28 16:46:00,commit,2009-03-02 11:57:57-06:00,davidpanderson
4034365,25892,boinc,2023-02-28 16:46:00,commit,2006-03-03 14:25:31-06:00,davidpanderson
4036181,25892,boinc,2023-02-28 16:46:00,commit,2012-07-07 14:44:48-05:00,davidpanderson
4039520,25892,boinc,2023-02-28 16:46:00,commit,2003-10-18 14:35:58-05:00,davidpanderson
4040365,25892,boinc,2023-02-28 16:46:00,commit,2011-10-09 01:14:25-05:00,davidpanderson
4043424,25892,boinc,2023-02-28 16:46:00,commit,2004-06-17 00:34:04-05:00,davidpanderson
4051237,25892,boinc,2023-02-28 16:46:00,commit,2009-02-21 22:05:34-06:00,davidpanderson
4051261,25892,boinc,2023-02-28 16:46:00,commit,2005-03-18 15:01:44-06:00,davidpanderson
4052737,25892,boinc,2023-02-28 16:46:00,commit,2010-04-01 16:18:16-05:00,davidpanderson
4054299,25892,boinc,2023-02-28 16:46:00,commit,2006-08-14 17:57:59-05:00,davidpanderson
4056155,25892,boinc,2023-02-28 16:46:00,commit,2003-05-15 13:05:24-05:00,davidpanderson
4060688,25892,boinc,2023-02-28 16:46:00,commit,2014-07-29 13:26:06-05:00,davidpanderson
4062113,25892,boinc,2023-02-28 16:46:00,commit,2017-06-14 00:35:17-05:00,davidpanderson
4063771,25859,llvm-project,2023-02-28 16:46:00,commit,2017-02-26 20:32:29-06:00,rui314
4064574,25892,boinc,2023-02-28 16:46:00,commit,2017-10-26 10:07:57-05:00,drshawnkwang
4067321,25892,boinc,2023-02-28 16:46:00,commit,2019-03-21 14:19:28-05:00,JuhaSointusalo
4100005,25892,boinc,2023-02-28 16:46:00,commit,2015-12-04 05:12:53-06:00,romw
4103409,25892,boinc,2023-02-28 16:46:00,commit,2019-02-14 17:52:24-06:00,davidpanderson
4106644,25892,boinc,2023-02-28 16:46:00,commit,2021-06-15 15:59:39-05:00,AenBleidd
4112935,25892,boinc,2023-02-28 16:46:00,commit,2020-04-22 20:45:43-05:00,Isira-Seneviratne
4113152,25892,boinc,2023-02-28 16:46:00,commit,2020-05-18 05:55:41-05:00,Isira-Seneviratne
4114907,26062,caffe,2023-02-28 16:46:00,commit,2014-06-10 17:34:01-05:00,longjon
4118684,26062,caffe,2023-02-28 16:46:00,commit,2014-03-17 03:40:03-05:00,jeffdonahue
4120216,25939,ompi,2023-02-28 16:46:00,commit,2004-12-06 18:16:58-06:00,bosilca
4122680,25939,ompi,2023-02-28 16:46:00,commit,2004-06-15 16:32:51-05:00,bosilca
4123623,25939,ompi,2023-02-28 16:46:00,commit,2007-11-20 21:10:05-06:00,bosilca
4125757,25939,ompi,2023-02-28 16:46:00,commit,2018-09-22 17:48:58-05:00,bosilca
4137364,25939,ompi,2023-02-28 16:46:00,commit,2014-08-07 20:43:22-05:00,ggouaillardet
4138948,25939,ompi,2023-02-28 16:46:00,commit,2012-06-07 14:21:23-05:00,hjelmn
